상태,선택,기재일,뉴스 업체,카테고리,제목,URL,수집일
⏳ 미요약,false,2026-01-05,AP신문,검색:현대자동차,"정의선 ""AI, 승산 있는 게임…빅테크 못 하는 '피지컬 AI'가 무기""",https://www.apnews.kr/news/articleView.html?idxno=3044414,-
⏳ 미요약,false,2026-01-06,CARMGZ 카매거진,검색:현대자동차,"""年 3만대 로봇 생산""…현대차그룹, 'AI 로보틱스' 확장한다",https://www.msn.com/ko-kr/기술/인공-지능/ces-2026-현대차그룹-ai-로보틱스-확장-계획-발표/ar-AA1TDllO,-
⏳ 미요약,false,2026-01-05,연합뉴스,검색:현대자동차,"현대자동차그룹, 2026년 신년회",https://www.yna.co.kr/view/PYH20260105039300013,-
⏳ 미요약,false,2026-01-11,연합뉴스,검색:현대자동차,다시 활기 찾은 미국 조지아주 현대자동차 메타플랜트 현장,https://www.yna.co.kr/view/PYH20260111008400009,-
⏳ 미요약,false,2026-01-06,미디어스,검색:현대자동차,"YTN 구성원 ""'현대차 기사 삭제' 보고 받은 사장대행, 결자해지하라""",https://www.msn.com/ko-kr/news/other/ytn-구성원-현대차-기사-삭제-보고-받은-사장-대행-결자해지하라/ar-AA1TF1cp,-
⏳ 미요약,false,2025-12-15,파이낸셜뉴스,검색:현대자동차,"현대자동차, '현대모터클럽' 10주년 기념 행사 개최",https://www.fnnews.com/news/202512150910044053,-
⏳ 미요약,false,2026-01-07,뉴스1,검색:현대자동차,"[뉴스1 PICK]정의선 회장, 'CES 2026' 현장 방문…'삼성·LG 부스 찾아'",https://www.msn.com/ko-kr/news/other/뉴스1-pick-정의선-회장-ces-2026-현장-방문-삼성-lg-부스-찾아/ar-AA1THOlD,-
⏳ 미요약,false,2026-01-12,노컷뉴스,검색:현대자동차,"'K리그1 챔피언' 전북, 신임 대표이사에 최재호 현대자동차 경영지원본부장",https://www.msn.com/ko-kr/autos/일반/k리그1-챔피언-전북-신임-대표이사에-최재호-현대자동차-경영지원본부장/ar-AA1U1eme,-
⏳ 미요약,false,2026-01-06,울산매일,검색:현대자동차,"현대차그룹, 인간 중심 'AI 로보틱스 시대' 선포",https://www.iusm.co.kr/news/articleView.html?idxno=1058253,-
⏳ 미요약,false,2026-01-05,지디넷코리아,검색:현대자동차,"""문제 숨기지 말라""…정의선, 역대급 위기에 '민첩 대응' 주문",https://www.msn.com/ko-kr/news/techandscience/문제-숨기지-말라-정의선-역대급-위기에-민첩-대응-주문/ar-AA1Tzbo0,-
⏳ 미요약,false,2026-01-07,뉴스1,검색:현대자동차,"정의선, 젠슨 황과 CES서 2차 깐부회동…삼성·LG 방문(종합2보)",https://www.msn.com/ko-kr/entertainment/games/정의선-젠슨-황과-ces서-2차-깐부회동-삼성-lg-방문종합2보/ar-AA1THnpb,-
⏳ 미요약,false,2026-01-12,서울경제,검색:현대자동차,"""현대모비스, 아틀라스 부품 공급 기대…목표가 55만원↑""",https://www.msn.com/ko-kr/news/other/다올투자證-현대모비스-로봇-아틀라스-핵심-부품-공급-기대-목표가-55만원-줍줍-리포트/ar-AA1U0Z3t,-
⏳ 미요약,false,2026-01-05,미디어스,검색:현대자동차,"현대차 장남 음주운전 기사 삭제-수정에 ""신문법 '편집권 독립' 부활해야""",https://www.msn.com/ko-kr/news/other/현대차-장남-음주운전-기사-삭제-수정에-신문법-편집권-독립-부활해야/ar-AA1Tzp7t,-
⏳ 미요약,false,2026-01-05,뉴스웨이,검색:현대자동차,"현대위아, CES 첫 출전···미래 모빌리티 비전 '눈도장'",https://www.newsway.co.kr/news/view?ud=2026010605294993717,-
⏳ 미요약,false,2025-12-26,미디어오늘,검색:현대자동차,기자 몰래 삭제한 '현대차 장남'...연합뉴스 편집권 침해 후폭풍,https://www.msn.com/ko-kr/news/other/기자-몰래-삭제한-현대차-장남연합뉴스-편집권-침해-후폭풍/ar-AA1T4iuj,-
⏳ 미요약,false,2026-01-02,지디넷코리아,검색:현대자동차,아이오닉에 친환경 소재 가득한 이유…정의선의 ESG 경영에 있었다,https://www.msn.com/ko-kr/news/techandscience/아이오닉에-친환경-소재-가득한-이유-정의선의-esg-경영에-있었다/ar-AA1TtS6P,-
⏳ 미요약,false,2025-12-19,MSN,검색:현대자동차,시민이 뽑은 '안성시 10대 뉴스' 1위는? '현대차·기아 배터리 연구소',https://www.msn.com/ko-kr/news/other/시민이-뽑은-안성시-10대-뉴스-1위는-현대차-기아-배터리-연구소/ar-AA1SDUed,-
⏳ 미요약,false,2026-01-01,한국일보,검색:현대자동차,자동차공장·건설 현장에 함께 서게 될 'AI 로봇'…이제 곧 현실,https://www.msn.com/ko-kr/news/other/자동차공장-건설-현장에-함께-서게-될-ai-로봇-이제-곧-현실/ar-AA1To6qd,-
⏳ 미요약,false,2025-12-29,뉴스웨이,검색:현대자동차,정의선 회장의 '혁신 리더십'···기네스 기록으로 증명,https://www.newsway.co.kr/news/view?ud=2025122919364823478,-
⏳ 미요약,false,2026-01-07,투데이에너지,검색:현대자동차,"현대스틸산업, 신안우이 해상풍력 하부구조물 수주",https://www.todayenergy.kr/news/articleView.html?idxno=292927,-
⏳ 미요약,false,2026-01-13,테크M,검색:현대자동차,[테크M 이슈] 현대차 '자율주행' 닻 올랐다...구글+테슬라 장점 더한 모셔널 '눈길',https://www.msn.com/ko-kr/news/other/테크m-이슈-현대차-자율주행-닻-올랐다구글-테슬라-장점-더한-모셔널-눈길/ar-AA1U5EwN,-
⏳ 미요약,false,2025-10-12,Etnews.com,검색:현대자동차,[이슈플러스]정의선 취임 5주년…美 관세·中 전기차 대응 과제,https://www.etnews.com/20251010000156,-
⏳ 미요약,false,2025-11-03,EBN 산업경제신문,검색:현대자동차,"[EBN 오늘(3일) 이슈 종합] 현대차·기아, 10월도 美 판매 신기록…SK그룹 'AI 전환' 선봉",https://www.ebn.co.kr/news/articleView.html?idxno=1685050,-
⏳ 미요약,false,2025-10-12,Etnews.com,검색:현대자동차,"[이슈플러스]승부사 정의선…""현대차 77兆·기아 42兆 쏟아붓는다""",https://www.etnews.com/20251010000138,-
⏳ 미요약,false,2026-01-05,에너지데일리,검색:현대자동차,"한국기업평판연구소, 2026년 1월 빅데이터 분석… 친환경 전환·이슈 대응력이 평판 격차",https://www.energydaily.co.kr/news/articleView.html?idxno=163614,-
⏳ 미요약,false,2026-01-13,카매거진,검색:현대자동차,"CES 핫이슈 '엔비디아 알파마요' 만든 박민우 박사, 현대차그룹 AVP 본부장 겸 42닷 대표 선임",https://www.msn.com/ko-kr/news/other/ces-핫이슈-엔비디아-알파마요-만든-박민우-박사-현대차그룹-avp-본부장-겸-42닷-대표-선임/ar-AA1U7pQR,-
⏳ 미요약,false,2017-12-25,뉴스핌,검색:현대자동차,"현대차그룹, 18일 정기 임원인사…'AVP·R&D 수장'에 관심",https://www.newspim.com/news/view/20251217001228,-
⏳ 미요약,false,2025-12-22,아시아투데이,검색:현대자동차,"車 넘어 로봇까지… 현대차, CES서 'AI 로보틱스' 승부수",https://www.asiatoday.co.kr/kn/view.php?key=20251223010012070,-
⏳ 미요약,false,2025-12-20,뉴시스,검색:현대자동차,"현대차, R&D 사령탑 교체 外[금주의 산업계 이슈]",https://www.newsis.com/view/NISX20251219_0003448059,-
⏳ 미요약,false,2025-10-31,한경닷컴,검색:현대자동차,현대차-엔비디아 'AI 팩토리' 협력…국내에 약 4조 투자,https://www.hankyung.com/article/202510315057g,-
⏳ 미요약,false,2025-12-14,블로터,검색:현대자동차,"[디깅노트] 현대차, '자율주행 상용화' 두번 놓친 기억 잊었나",https://www.bloter.net/news/articleView.html?idxno=649384,-
⏳ 미요약,false,2025-11-16,데일리안,검색:현대자동차,"현대차그룹, 5년간 국내 125조 쏟는다…""韓 자동차 위상 강화""",https://www.dailian.co.kr/news/view/1573779/,-
⏳ 미요약,false,2025-12-18,zdnet,검색:현대자동차,"현대차, SDV·R&D 리더십 교체...미래차 기술 개발에 집중",https://zdnet.co.kr/view/?no=20251218132626,-
⏳ 미요약,false,2025-11-16,한경닷컴,검색:현대자동차,"[속보] 현대차그룹, 2030년까지 125.2조원 국내 투자…""역대 최대 규모""",https://www.hankyung.com/article/202511166715g,-
⏳ 미요약,false,2026-01-08,초이스경제,검색:현대자동차,"亞 장초반...코스피 & 니케이225 '하락', 현대차 '상승'",http://www.choicenews.co.kr/news/articleView.html?idxno=159077,-
⏳ 미요약,false,2025-11-21,아시아경제,검색:현대자동차,"현대차, 오프로드 콘셉트카 '크레이터' 세계 최초 공개",https://www.asiae.co.kr/article/2025112109394294488,-
⏳ 미요약,false,2025-11-16,아시아투데이,검색:현대자동차,"현대차, 국내 125조 역대급 투자…""공동화 우려 씻고 미래산업 드라이브""",https://www.asiatoday.co.kr/kn/view.php?key=20251116010008197,-
⏳ 미요약,false,2025-10-30,zdnet,검색:현대자동차,"장재훈 현대차 부회장 ""수소, 에너지전환 핵심 축…초격차로 대비""",https://zdnet.co.kr/view/?no=20251030131152,-
⏳ 미요약,false,2025-12-24,지디넷코리아,검색:현대자동차,"현대차그룹, S/W·IT 부문 임원 인사 실시...진은숙 사장 선임",https://www.msn.com/ko-kr/news/techandscience/현대차그룹-첫-여성-사장-승진-진은숙-ict-담당/ar-AA1SVuQy,-
⏳ 미요약,false,2025-12-11,인벤,검색:현대자동차,"현대차 최진성 영업이사, 역대 최초 누적판매 8000대 달성",https://www.inven.co.kr/board/webzine/2097/2580444?p=6&iskin=poe,-
⏳ 미요약,false,2026-01-14,잡포스트,검색:현대자동차,"현대자동차 주가, 1월 14일 장중 409,250원 0.79% 상승",https://www.job-post.co.kr/news/articleView.html?idxno=201903,-
⏳ 미요약,false,2026-01-05,국제뉴스,검색:현대자동차,"코스피 코스닥 상승 출발, 계양전기·현대오토에버 주가 '급등'",https://www.gukjenews.com/news/articleView.html?idxno=3474029,-
⏳ 미요약,false,2026-01-08,YTN,검색:현대자동차,[이슈톺] 주가 오를수록 위험해진다...사상 최대 '빚투' 경고,https://www.msn.com/ko-kr/news/other/이슈톺-주가-오를수록-위험해진다-사상-최대-빚투-경고/ar-AA1TMd5H,-
⏳ 미요약,false,2026-01-08,아주경제,검색:현대자동차,"삼성그룹·현대차그룹, 새해 주가 레이스 경쟁…수익률 엎치락뒤치락",https://www.msn.com/ko-kr/news/other/삼성그룹-현대차그룹-새해-주가-레이스-경쟁-수익률-엎치락뒤치락/ar-AA1TQvVY,-
⏳ 미요약,false,2026-01-13,서울경제,검색:현대자동차,"""생큐! 아틀라스"" …현대차 사상 첫 주가 40만원 돌파",https://www.sedaily.com/NewsView/2K7AD8SVQ2,-
⏳ 미요약,false,2026-01-07,메트로신문,검색:현대자동차,"[특징주] 현대차, 로봇 기술 주목...주가 13%대 급등",https://www.metroseoul.co.kr/article/20260107500486,-
⏳ 미요약,false,2025-10-31,한국금융신문,검색:현대자동차,"'주가 급등' 현대차‧기아, 이젠 미국 점유율-주주환원 관건",https://www.fntimes.com/html/view.php?ud=2025103115515837177492587736_18,-
⏳ 미요약,false,2026-01-05,글로벌이코노믹,검색:현대자동차,[특징주] 정의선 회장 7% 보유 현대오토에버 주가 5%대 급락,https://www.msn.com/ko-kr/news/other/특징주-정의선-회장-7-보유-현대오토에버-주가-5-대-급락/ar-AA1Tzg5F,-
⏳ 미요약,false,2026-01-13,아시아투데이,검색:현대자동차,"'아틀라스'가 쓴 역대 최고 주가… 현대차그룹, 휴머노이드 산업 주도권 정조준",https://www.msn.com/ko-kr/기술/기술-회사/아틀라스-가-쓴-역대-최고-주가-현대차그룹-휴머노이드-산업-주도권-정조준/ar-AA1U5Aiv,-
⏳ 미요약,false,2026-01-05,컨슈머타임스,검색:현대자동차,"현대차, CES·신사업 확대 기대감에 주가 '맑음'",https://www.cstimes.com/news/articleView.html?idxno=687025,-
⏳ 미요약,false,2026-01-09,글로벌이코노믹,검색:현대자동차,"신한운용, 'SOL 자동차TOP3플러스 ETF'...현대차그룹 핵심 계열사 75% 투자",https://www.msn.com/ko-kr/news/other/신한운용-sol-자동차top3플러스-etf현대차그룹-핵심-계열사-75-투자/ar-AA1TTbNr,-
⏳ 미요약,false,2025-11-05,daily.hankooki,검색:현대자동차,실적·엔비디아 '겹호재'…현대오토에버 주가 날았다,https://daily.hankooki.com/news/articleView.html?idxno=1291437,-
⏳ 미요약,false,2025-12-11,이데일리,검색:현대자동차,현대차 그룹주 재평가에 주가 '껑충'…주목받는 ETF는,https://www.edaily.co.kr/News/Read?newsId=02610886642397536,-
⏳ 미요약,false,2026-01-12,매거진한경,검색:현대자동차,"원전·로봇·우주 증명의 시간…현대건설, 세아베스틸, 실리콘투 '톱픽'[2025 하반기 베스트 애널리스트 추천 전략 ②]",https://www.msn.com/ko-kr/news/other/원전-로봇-우주-증명의-시간-현대건설-세아베스틸-실리콘투-톱픽-2025-하반기-베스트-애널리스트-추천-전략/ar-AA1U5XPD,-
⏳ 미요약,false,2026-01-05,컨슈머타임스,검색:현대자동차,"[특징주] 현대오토에버, 'CES 2026' 개막 앞두고 '하락'",https://www.cstimes.com/news/articleView.html?idxno=686998,-
⏳ 미요약,false,2025-10-30,이투데이,검색:현대자동차,"삼성證 ""현대차·기아 반격 시동…관세 리스크 해소, 주가 레벨업 본격화""",https://www.etoday.co.kr/news/view/2519963,-
⏳ 미요약,false,2025-10-16,한경닷컴,검색:현대자동차,"현대차, 한·미 관세 협상 기대감 속 주가 반등 기지 마련",https://www.hankyung.com/article/202510162027a,-
⏳ 미요약,false,2025-06-09,MSN,검색:현대자동차,현대차그룹 자동차 관련주 상승세...현대모비스 10%대 급등[KB證],https://www.msn.com/ko-kr/news/other/현대차그룹-자동차-관련주-상승세-현대모비스-10-대-급등-kb證/ar-AA1Glmx5,-
⏳ 미요약,false,2025-09-21,MSN,검색:현대자동차,현대차 글로벌 전략 중심에 인도법인… 현지 판매·주가 질주 [여기는 동남아],https://www.msn.com/ko-kr/news/other/현대차-글로벌-전략-중심에-인도법인-현지-판매-주가-질주-여기는-동남아/ar-AA1MZCK8,-
⏳ 미요약,false,2025-10-31,아시아경제,검색:현대자동차,"불확실성 축소 현대글로비스, 자동차운반선 수익성 기대[클릭 e종목]",https://www.asiae.co.kr/article/2025103108025860840,-
⏳ 미요약,false,2026-01-14,한스경제,검색:현대자동차,"현대차·기아, 美 EV 둔화 속 신차로 승부",https://www.msn.com/ko-kr/autos/전기차/현대차-기아-美-ev-둔화-속-신차로-승부/ar-AA1UaMMx,-
⏳ 미요약,false,2026-01-12,이데일리,검색:현대자동차,"현대차·기아, 연매출 300조 시대…올해 신차·피지컬 AI '가속'",https://www.msn.com/ko-kr/news/other/현대차-기아-연매출-300조-시대-올해-신차-피지컬-ai-가속/ar-AA1U2hLi,-
⏳ 미요약,false,2026-01-09,데일리안,검색:현대자동차,벨기에서 '신차' 꺼낸 현대차·기아…'전기 스타리아·EV2' 최초 공개,https://www.msn.com/ko-kr/news/other/벨기에서-신차-꺼낸-현대차-기아-전기-스타리아-ev2-최초-공개/ar-AA1TSGBz,-
⏳ 미요약,false,2026-01-05,시사저널e,검색:현대자동차,"[2026 신차-上] 현대차, '플레오스'로 판 바꾼다···HEV 이후 승부수는 SW",https://www.msn.com/ko-kr/news/other/2026-신차-上-현대차-플레오스로-판-바꾼다hev-이후-승부수는-sw/ar-AA1Tzmax,-
⏳ 미요약,false,2026-01-12,뉴데일리 경제,검색:현대자동차,"올해 아반떼·투싼 풀체인지 … 현대차, 가성비 車 앞세워 불경기 돌파 나선다",https://biz.newdaily.co.kr/site/data/html/2026/01/12/2026011200104.html,-
⏳ 미요약,false,2026-01-14,신아일보,검색:현대자동차,"현대차 정의선, 새해 중국·미국·인도 종횡무진…글로벌 광폭 경영",https://www.shinailbo.co.kr/news/articleView.html?idxno=2177488,-
⏳ 미요약,false,2026-01-13,중앙일보,검색:현대자동차,"점유율 6.4%…'현·타' 시달리는 중견 3사, 신차 효과 볼까",https://www.koreadaily.com/article/20260113070156040,-
⏳ 미요약,false,2026-01-11,아주경제,검색:현대자동차,"""두 심장으로 달린다""...현대차, 매출 300조·시총 120조 시대 '활짝'",https://www.msn.com/ko-kr/news/other/두-심장으로-달린다-현대차-매출-300조-시총-120조-시대-활짝/ar-AA1U0LCG,-
⏳ 미요약,false,2026-01-11,스포츠동아,검색:현대자동차,"현대차·기아, 유럽 심장부서 '전동화 승부수'…스타리아 EV·EV2 동시 출격",https://www.msn.com/ko-kr/news/other/현대차-기아-유럽-심장부서-전동화-승부수-스타리아-ev-ev2-동시-출격/ar-AA1TYspO,-
⏳ 미요약,false,2026-01-14,아이뉴스24,검색:현대자동차,"정의선 현대차그룹 회장, 중국·미국·인도 3개국서 광폭 행보",https://www.inews24.com/view/1927770,-
⏳ 미요약,false,2026-01-05,머니투데이,검색:현대자동차,"""공격적인 신차 출시, 현지화 강화""…현대차그룹, 올해도 성장 이어간다",https://www.msn.com/ko-kr/news/other/공격적인-신차-출시-현지화-강화-현대차그룹-올해도-성장-이어간다/ar-AA1TAoPk,-
⏳ 미요약,false,2026-01-14,뉴스핌,검색:현대자동차,"[리포트 브리핑]현대차, '4Q25 Preview: 생태계 확장 기대 반영' 목표가 480,000원 - 상상인증권",https://www.newspim.com/news/view/20260114000560,-
⏳ 미요약,false,2026-01-07,전자신문,검색:현대자동차,"GM·포드, 지난해 美 신차 판매 6%↑…현대차·토요타도 선전",https://www.msn.com/ko-kr/news/other/gm-포드-지난해-美-신차-판매-6-현대차-토요타도-선전/ar-AA1TI10N,-
⏳ 미요약,false,2026-01-07,CEOSCOREDAILY,검색:현대자동차,"완성차 5사, 신차 출시로 내수 정체 돌파구 찾는다…올해 20여종 투입",https://www.ceoscoredaily.com/page/view/2026010714514574829,-
⏳ 미요약,false,2026-01-13,한국경제,검색:현대자동차,"""신차도 아닌데 관심 폭발""…시총 80조 찍은 현대차 '비밀병기' [모빌리티톡]",https://www.msn.com/ko-kr/news/other/속보-신차도-아닌데-관심-폭발-시총-80조-찍은-현대차-비밀병기-모빌리티톡/ar-AA1U9sp2,-
⏳ 미요약,false,2025-12-30,파이낸셜뉴스,검색:현대자동차,"현대차·기아, 4년 연속 글로벌 '톱3'…신차 5대 중 1대 '수입차'",https://www.fnnews.com/news/202512301522359808,-
⏳ 미요약,false,2026-01-10,시사저널e,검색:현대자동차,로봇으로 CES 달군 현대차그룹···미래 먹거리 정조준,https://www.msn.com/ko-kr/news/other/로봇으로-ces-달군-현대차그룹-미래-먹거리-정조준/ar-AA1TV7j6,-
⏳ 미요약,false,2026-01-13,메트로신문,검색:현대자동차,"[특징주] 현대차, 40만원 첫 돌파…CES '피지컬 AI'에 재평가 랠리",https://www.metroseoul.co.kr/article/20260113500135,-
⏳ 미요약,false,2026-01-08,아시아경제,검색:현대자동차,"[CES 2026]현대차·기아, 로봇 AI칩 개발 완료…피지컬AI '시동'",https://www.msn.com/ko-kr/autos/news/ces-2026-현대차-기아-로봇-ai칩-개발-완료-피지컬ai-시동/ar-AA1TPZLS,-
⏳ 미요약,false,2026-01-13,파이낸셜뉴스,검색:현대자동차,"현대차, 또 사상 최고가…10%대 급등 마감[핫스탁](종합)",https://www.fnnews.com/news/202601131547028556,-
⏳ 미요약,false,2026-01-12,파이낸셜뉴스,검색:현대자동차,"현대자동차, 베트남 2025년 판매실적 20% 넘게 급감.. ""2026년엔 다양한 판매 전략 펼 것""",https://www.msn.com/ko-kr/news/other/현대자동차-베트남-2025년-판매실적-20-넘게-급감-2026년엔-다양한-판매-전략-펼-것/ar-AA1U2hlb,-
⏳ 미요약,false,2026-01-14,한국아이닷컴,검색:현대자동차,"현대차, 지난해 日 판매 1000대 돌파…전기차가 실적 주도",https://www.msn.com/ko-kr/news/other/현대차-지난해-日-판매-1000대-돌파-전기차가-실적-주도/ar-AA1U9vMe,-
⏳ 미요약,false,2026-01-12,뉴스웨이,검색:현대자동차,"삼성·현대 '증가', DB '감소'···엇갈리는 대형 손보사 실적 이유는",https://www.newsway.co.kr/news/view?ud=2026011213311024700,-
⏳ 미요약,false,2025-11-17,파이낸셜뉴스,검색:현대자동차,현대자동차 10월 판매량도 22% 급증..베트남서 4개월 연속 실적 향상,https://www.fnnews.com/news/202511171033460995,-
⏳ 미요약,false,2015-08-11,헤럴드경제,검색:현대자동차,"[애널리스트가 본 전망 - 현대자동차] ""신차 준비등 하반기부터 실적개선 기대""",https://biz.heraldcorp.com/article/621557,-
⏳ 미요약,false,2026-01-13,블로터,검색:현대자동차,"[현대모비스 is]② 갈 길 먼 '논캡티브', 글로벌 OE 확대 전략은",https://www.bloter.net/news/articleView.html?idxno=651613,-
⏳ 미요약,false,2025-11-25,한국금융신문,검색:현대자동차,"정형진號 현대캐피탈, 고부가차종 취급 확대로 순익 4000억 돌파…NPL비율 1%대 진입 [금융사 2025 3분기 실적]",https://www.fntimes.com/html/view.php?ud=2025112417411650596a663fbf34_18,-
⏳ 미요약,false,2026-01-12,스마트PC사랑,검색:현대자동차,"장기 -738억, 자동차 -970억… 현대해상, 4분기도 한숨",https://www.ilovepc.co.kr/news/articleView.html?idxno=57652,-
⏳ 미요약,false,2010-04-06,프라임경제,검색:현대자동차,현대자동차 '신차효과' 1분기 실적 모멘텀 유효-하이투자증권,https://www.newsprime.co.kr/news/article/?no=128244,-
⏳ 미요약,false,2017-06-02,헤럴드경제,검색:현대자동차,자동차강판價 6만원 인상…현대차 하반기 실적 '부담',https://biz.heraldcorp.com/article/1346863,-
⏳ 미요약,false,2026-01-12,조세일보,검색:현대자동차,"현대해상, 올해 뚜렷한 실적 반등 진입 전망... 배당 재개될까?[주가동향]",https://www.joseilbo.com/news/htmls/2026/01/20260112560552.html,-
⏳ 미요약,false,2026-01-08,뉴스웨이,검색:현대자동차,"이보룡 체제 출범, 현대제철 '실적 반등' 첫 발",https://www.newsway.co.kr/news/view?ud=2026010814183088147,-
⏳ 미요약,false,2026-01-12,한국경제,검색:현대자동차,"현대글로비스, 로보틱스 지분가치 부각 기대에 '급등'",https://www.msn.com/ko-kr/news/other/현대글로비스-로보틱스-지분가치-부각-기대에-급등/ar-AA1U0IfK,-
⏳ 미요약,false,2026-01-11,글로벌이코노믹,검색:현대자동차,"기아·현대, 2025년 美 시장 '역대 최고' 실적... 전기차 한파 뚫은 비결은 '유연성'",https://www.msn.com/ko-kr/news/other/기아-현대-2025년-美-시장-역대-최고-실적-전기차-한파-뚫은-비결은-유연성/ar-AA1TXU8T,-
⏳ 미요약,false,2026-01-07,블로터,검색:현대자동차,"[2026 아웃룩] 자동차부품, '관세·전동화' 매출 변동성 심화",https://www.bloter.net/news/articleView.html?idxno=651214,-
⏳ 미요약,false,2025-11-18,데일리안,검색:현대자동차,"""보험료 더 낼 판""…손보 빅5, 자동차·장기보험 실적 '동반 악화'",https://www.dailian.co.kr/news/view/1574279/,-
⏳ 미요약,false,2025-10-31,파이낸셜뉴스,검색:현대자동차,관세·단산 영향 본격화…현대모비스·현대위아 3분기 실적 '흐림',https://www.fnnews.com/news/202510301300474909,-
⏳ 미요약,false,2025-12-08,MSN,검색:현대자동차,관세 인하·SDV 전환 겹쳤다...현대차그룹 관련주 동반 상승,https://www.msn.com/ko-kr/news/other/관세-인하-sdv-전환-겹쳤다-현대차그룹-관련주-동반-상승/ar-AA1RV0bW,-
⏳ 미요약,false,2017-04-19,헤럴드경제,검색:현대자동차,"빠르게 후진하는 자동차株, '실적 반토막' 우려에 52주 신저가",https://biz.heraldcorp.com/article/1302589,-
⏳ 미요약,false,2025-03-27,MSN,검색:현대자동차,"""HMGMA 증설 CKD 매출 확대 기회""…현대글로비스, 실적 상승 기대감↑",https://www.msn.com/ko-kr/autos/일반/hmgma-증설-ckd-매출-확대-기회-현대글로비스-실적-상승-기대감/ar-AA1BJASc,-
⏳ 미요약,false,2026-01-14,뉴스핌,검색:현대자동차,"로보택시 상용화 추진·엔비디아 출신 인재 영입…현대차, 자율주행 격차 줄이기 '속도'",https://www.msn.com/ko-kr/news/other/로보택시-상용화-추진-엔비디아-출신-인재-영입-현대차-자율주행-격차-줄이기-속도/ar-AA1UaEGk,-
⏳ 미요약,false,2026-01-14,아시아경제,검색:현대자동차,엔비디아 출신 인재 영입…현대차-엔비디아 자율주행 구도 진화,https://www.asiae.co.kr/article/2026011409335647030,-
⏳ 미요약,false,2025-11-20,파이낸셜뉴스,검색:현대자동차,"현대자동차, '미래모빌리티학교' 참가 모집...""산업 인재 육성""",https://www.fnnews.com/news/202511201106595595,-
⏳ 미요약,false,2026-01-05,시사매거진,검색:현대자동차,"안성시-현대차, 미래 모빌리티 협력 가속화… 배터리 전문 인재 채용 본격화",https://www.sisamagazine.co.kr/news/articleView.html?idxno=523472,-
⏳ 미요약,false,2026-01-13,로컬투데이,검색:현대자동차,"선문대, 외국인 유학생 현대자동차 현장 체험 '호응'...취업 역량 강화 나서",https://www.localtoday.co.kr/news/articleView.html?idxno=406012,-
⏳ 미요약,false,2026-01-13,아시아타임즈,검색:현대자동차,애플·테슬라·엔비디아 인재 품은 현대차그룹...SDV·자율주행 추월 가속 페달,https://www.msn.com/ko-kr/money/other/애플-테슬라-엔비디아-인재-품은-현대차그룹-sdv-자율주행-추월-가속-페달/ar-AA1U7sj5,-
⏳ 미요약,false,2026-01-05,기호일보,검색:현대자동차,"안성시·현대차 ""미래 모빌리티 인재 찾아요""",https://www.kihoilbo.co.kr/news/articleView.html?idxno=3009015,-
⏳ 미요약,false,2026-01-13,이뉴스투데이,검색:현대자동차,현대차그룹 '자율주행 핵심 인재' 박민우 영입···AVP·42dot 맡긴다,https://www.enewstoday.co.kr/news/articleView.html?idxno=2381121,-
⏳ 미요약,false,2026-01-13,EBN,검색:현대자동차,"""일론 머스크가 인정한 인재 품었다""…현대차그룹, 자율주행 격차 줄이기 속도",https://www.ebn.co.kr/news/articleView.html?idxno=1695016,-
⏳ 미요약,false,2026-01-05,서울Pn,검색:현대자동차,"안성시-현대차, 미래 모빌리티 산업 인재 채용 본격화",https://www.msn.com/ko-kr/news/other/안성시-현대차-미래-모빌리티-산업-인재-채용-본격화/ar-AA1TzLqd,-
⏳ 미요약,false,2025-11-11,Etnews.com,검색:현대자동차,"[AD]현대자동차, '하이테크 탤런트 트랙' 지원자 모집",https://www.etnews.com/20251111000046,-
⏳ 미요약,false,2026-01-05,신아일보,검색:현대자동차,안성 캠퍼스 인재 채용 본격화,https://www.shinailbo.co.kr/news/articleView.html?idxno=2173165,-
⏳ 미요약,false,2025-12-19,서울신문,검색:현대자동차,"현대차그룹, 기술 인재 전면 배치… 미래 모빌리티 전환 가속",https://www.seoul.co.kr/news/economy/car/2025/12/19/20251219014004,-
⏳ 미요약,false,2025-12-17,파이낸셜뉴스,검색:현대자동차,"현대모비스, 외부인재 확충…'부품·로봇' 투트랙 달린다",https://www.fnnews.com/news/202512171333191558,-
⏳ 미요약,false,2025-12-16,마이데일리,검색:현대자동차,"현대차그룹, CEO 교체·외부 인재 영입…고강도 쇄신 인사 예고",https://mydaily.co.kr/page/view/2025121617521761535,-
⏳ 미요약,false,2025-11-14,매일신문,검색:현대자동차,"대구상의-현대트랜시스, 'FTA 활용과 수출입·원산지 검증 실무' 교육 개최",https://www.imaeil.com/page/view/2025111410430424784,-
⏳ 미요약,false,2026-01-06,공감신문,검색:현대자동차,"대전자동차정비학원 현대직업전문학교, '베스트 직업훈련기관' 선정",https://www.gokorea.kr/news/articleView.html?idxno=852994,-
⏳ 미요약,false,2025-11-07,에이빙,검색:현대자동차,"美 조지아주, '현대 모빌리티 트레이닝 센터' 개소... ""미래 모빌리티 산업 선도하는 혁신 인재 허브로 자리매김""",https://kr.aving.net/news/articleView.html?idxno=1805832,-
⏳ 미요약,false,2026-01-13,뉴스웨이,검색:현대자동차,"현대차, 엔비디아 인재 품었다···AVP 본부장에 박민우 부사장 내정",https://www.newsway.co.kr/news/view?ud=2026011316305142310,-
⏳ 미요약,false,2021-08-04,헤럴드경제,검색:현대자동차,"현대오토에버 ""연내 차량 SW 인재 500명 뽑겠다""",https://biz.heraldcorp.com/article/2665233,-
⏳ 미요약,false,2026-01-08,잡포스트,검색:현대자동차,"현대자동차, 2025년 글로벌 413만대 판매…국내 시장 증가",https://www.job-post.co.kr/news/articleView.html?idxno=200827,-
⏳ 미요약,false,2026-01-06,데일리경제,검색:현대자동차,"현대자동차, 2025년 413만8180대 판매..미국시장 선전",https://www.kdpress.co.kr/news/articleView.html?idxno=201946,-
⏳ 미요약,false,2026-01-05,이데일리,검색:현대자동차,"현대자동차, 지난해 413만8180대 판매…국내 시장↑",https://www.msn.com/ko-kr/news/other/현대차-지난해-413만8180대-판매-관세-충격에도-선방/ar-AA1TAj5U,-
⏳ 미요약,false,2025-12-01,에이빙,검색:현대자동차,"현대차, 2025년 11월 글로벌 시장서 34만 9507대 판매... ""신차 출시 통해 시장 점유율 확대할 것""",https://kr.aving.net/news/articleView.html?idxno=1806666,-
⏳ 미요약,false,2026-01-06,이투데이,검색:현대자동차,[시론] 성장시대 끝난 자동차산업 '선택과 집중'을,https://www.etoday.co.kr/news/view/2542926,-
⏳ 미요약,false,2025-12-03,이투데이,검색:현대자동차,"현대자동차, 선박·트랙터에도 '수소 DNA' 심는다 ""친환경 물류시장 선도""",https://www.etoday.co.kr/news/view/2532071,-
⏳ 미요약,false,2026-01-11,한국경제,검색:현대자동차,"KB오토텍 ""현대차 이어 해외 공조시장 공략""",https://www.hankyung.com/article/2026011257501,-
⏳ 미요약,false,2015-04-02,헤럴드경제,검색:현대자동차,"현대홈쇼핑, 해외시장 진출 박차…中·베트남 이어 태국 진출",https://biz.heraldcorp.com/article/436176,-
⏳ 미요약,false,2026-01-05,머니투데이,검색:현대자동차,"현대차·기아, 지난해 판매량 소폭 상승…북미 시장 성장세 견인",https://www.msn.com/ko-kr/news/other/현대차-기아-지난해-판매량-소폭-상승-북미-시장-성장세-견인/ar-AA1TAoPl,-
⏳ 미요약,false,2025-12-15,한경닷컴,검색:현대자동차,"'관세 폭탄 벗었다'…현대차·기아, 美시장 재도약 발판 마련",https://www.hankyung.com/article/2025121535091,-
⏳ 미요약,false,2025-12-08,신동아,검색:현대자동차,"현대모비스, 끊임없는 혁신으로 미래 모빌리티 시장 선도",https://shindonga.donga.com/economy/article/all/13/6001333/1,-
⏳ 미요약,false,2013-02-07,아시아투데이,검색:현대자동차,"현대·기아차, 글로벌 자동차시장 불황속 '분전'",https://www.asiatoday.co.kr/kn/view.php?key=765042,-
⏳ 미요약,false,2025-12-11,파이낸셜뉴스,검색:현대자동차,"현대자동차, 11월 베트남 시장 판매량 전월대비 3.8% 증가",https://www.fnnews.com/news/202512101601257444,-
⏳ 미요약,false,2026-01-07,파이낸셜뉴스,검색:현대자동차,"현대자동차 인도네시아 케니 리 신임 법인장 선임.. ""인도네시아에서 현대차 입지 더 강화할 것""",https://www.msn.com/ko-kr/money/other/현대자동차-인도네시아-케니-리-신임-법인장-선임-인도네시아에서-현대차-입지-더-강화할-것/ar-AA1THTPS,-
⏳ 미요약,false,2025-12-08,블로터,검색:현대자동차,"[현대차 2026] 정의선, 호세 무뇨스에 강한 신뢰...'북미 전략' 중심 부상",https://www.bloter.net/news/articleView.html?idxno=649081,-
⏳ 미요약,false,2025-09-21,MSN,검색:현대자동차,"""미국 자동차 시장"" 절대 불가능이라 했지만 현대차가 만든 '신의 한 수'",https://www.msn.com/ko-kr/news/other/미국-자동차-시장-절대-불가능이라-했지만-현대차가-만든-신의-한-수/ar-AA1MYDDt,-
⏳ 미요약,false,2026-01-05,매일경제,검색:현대자동차,"현대차, 2025년 글로벌 413만대 판매…국내서 1.1%↑, 해외서 0.3%↓",https://www.mk.co.kr/news/business/11923436,-
⏳ 미요약,false,2026-01-07,이데일리,검색:현대자동차,"현대글로비스, CKD 신성장 동력…올해 매출 1.5조 예상",https://www.msn.com/ko-kr/news/other/현대글로비스-ckd-신성장-동력-올해-매출-15조-예상/ar-AA1TIO2P,-
⏳ 미요약,false,2025-12-19,MSN,검색:현대자동차,"현대로템, K철도 해외 진출 박차…우즈벡·모로코서 존재감 뽐내",https://www.msn.com/ko-kr/news/other/현대로템-k철도-해외-진출-박차-우즈벡-모로코서-존재감-뽐내/ar-AA1SE2Hm,-
⏳ 미요약,false,2026-01-09,한국경제TV,검색:현대자동차,2026 주식 순환 장세ㅣ반도체·자동차·방산 대세 종목 체크!ㅣ진짜주식 2부,https://www.msn.com/ko-kr/news/other/2026-주식-순환-장세ㅣ반도체-자동차-방산-대세-종목-체크ㅣ진짜주식-2부/vi-AA1TTDry,-
⏳ 미요약,false,2001-01-01,허프포스트코리아,검색:현대자동차,"현대차그룹 만프레드 하러 양산차 개발 사령탑에 : '차량 성능' 전문성으로 초고속 승진, 알버트 비어만 넘어설 수 있나",https://www.huffingtonpost.kr/news/articleView.html?idxno=241134,-
⏳ 미요약,false,2025-12-18,파이낸셜뉴스,검색:현대자동차,"'기술 중심' 현대차, 사장 승진 인사..4명 중 2명이 SDV 전환 핵심",https://www.fnnews.com/news/202512181039514027,-
⏳ 미요약,false,2026-01-14,지디넷코리아,검색:현대자동차,"[유미's 픽] 현대차, 박민우-류석문 쌍두마차 체제로 SDV 양산 '가속'",https://zdnet.co.kr/view/?no=20260114105750,-
⏳ 미요약,false,2026-01-09,허프포스트코리아,검색:현대자동차,현대차 '네이버 출신 투탑' 중 송창현 내리고 진은숙 사장 올리고 : 자율주행 소프트웨어 경쟁력 강화 과제,https://www.huffingtonpost.kr/news/articleView.html?idxno=241428,-
⏳ 미요약,false,2025-12-18,MSN,검색:현대자동차,"현대차그룹, 사장 4명 등 219명 승진 인사…미래차 전환 방점(종합)",https://www.msn.com/ko-kr/autos/일반/현대차그룹-사장-4명-등-219명-승진-인사-미래차-전환-방점-종합/ar-AA1SyD6d,-
⏳ 미요약,false,2025-12-18,조선일보,검색:현대자동차,"현대차그룹, 임원 인사… 하러 등 4명 사장 승진",https://it.chosun.com/news/articleView.html?idxno=2023092153100,-
⏳ 미요약,false,2026-01-05,매일경제,검색:현대자동차,집안싸움 벌이다 테슬라에 허 찔려…현대차 '자율주행 로드맵' 이상 없나요,https://www.msn.com/ko-kr/news/other/집안싸움-벌이다-테슬라에-허-찔려-현대차-자율주행-로드맵-이상-없나요/ar-AA1TBAA8,-
⏳ 미요약,false,2025-12-18,한경닷컴,검색:현대자동차,"현대차그룹 하러 등 4명 사장 승진…서강현, 그룹 기획조정담당",https://www.hankyung.com/article/202512181101Y,-
⏳ 미요약,false,2026-01-13,조선비즈,검색:현대자동차,[재계 키맨] 정의선 '멘토'에서 현대차그룹 혁신의 주역으로… 장재훈 부회장,https://www.msn.com/ko-kr/news/other/재계-키맨-정의선-멘토에서-현대차그룹-혁신의-주역으로-장재훈-부회장/ar-AA1U5GiA,-
⏳ 미요약,false,2025-12-19,서울Pn,검색:현대자동차,"현대차그룹, 기술 인재 전면 배치… 미래 모빌리티 전환 가속",https://go.seoul.co.kr/news/newsView.php?id=20251219014004,-
⏳ 미요약,false,2025-11-27,뉴스핌,검색:현대자동차,"현대차그룹 이노션, 신임 대표이사 사장에 김정아 부사장 승진 선임",https://www.newspim.com/news/view/20251029000377,-
⏳ 미요약,false,2018-12-25,뉴스핌,검색:현대자동차,현대차그룹 인사 단행... R&D본부장에 만프레드 하러·제조부문장 정준철,https://www.newspim.com/news/view/20251218000310,-
⏳ 미요약,false,2025-12-18,이투데이,검색:현대자동차,"현대차그룹, R&D본부장에 만프레드 하러 사장…미래차 전환 '인적쇄신'",https://www.etoday.co.kr/news/view/2537392,-
⏳ 미요약,false,2025-12-11,EBN 산업경제신문,검색:현대자동차,"현대차그룹, 양대 연구개발 조직 수장 모두 교체…만프레드 하러 부사장 승진 유력",https://www.ebn.co.kr/news/articleView.html?idxno=1690715,-
⏳ 미요약,false,2025-12-24,중앙일보,검색:현대자동차,현대차 첫 여성 사장 탄생…ICT 담당 진은숙 사장 승진,https://www.koreadaily.com/article/20251223202333167,-
⏳ 미요약,false,2025-12-04,뉴시스,검색:현대자동차,"현대차그룹, 국내·제네시스 수장 교체…새판짜기 시동(종합)",https://www.newsis.com/view/NISX20251204_0003428448,-
⏳ 미요약,false,2025-11-27,마이데일리,검색:현대자동차,현대차·LG 사장단 인사 주목…재계 인사 트렌드 '안정·효율' 반영될까,https://mydaily.co.kr/page/view/2025112712145056393,-
⏳ 미요약,false,2026-01-09,매일경제TV,검색:현대자동차,"현대차, 생산담당 수장을 품질·기술관리 전문가로",https://mbnmoney.mbn.co.kr/news/view?news_no=MM1005735333,-
⏳ 미요약,false,2025-12-18,이데일리,검색:현대자동차,"CEO 유임 속 40대 대거 중용…현대차그룹, '안정 속 쇄신' 인사",https://www.edaily.co.kr/News/Read?newsId=04277126642399832,-
⏳ 미요약,false,2025-12-31,IT 조선,검색:현대자동차,"""현대차 수소 전략 조율자"" 장재훈 부회장, 2026년 성과로 승부 [2026 핫피플]",https://www.msn.com/ko-kr/news/other/현대차-수소-전략-조율자-장재훈-부회장-2026년-성과로-승부-2026-핫피플/ar-AA1Tm0RU,-
⏳ 미요약,false,2026-01-13,매일경제,검색:현대자동차,"[단독] 엔비디아 박민우, 현대차 차기 AVP본부장 내정",https://www.msn.com/ko-kr/news/other/단독-엔비디아-박민우-현대차-차기-avp-본부장-내정/ar-AA1U6fIG,-
⏳ 미요약,false,2025-12-29,여성조선,검색:현대자동차,"정의선 전략 통했나? 현대차 팰리세이드, 판매 쾌속 질주",https://www.msn.com/ko-kr/news/other/정의선-전략-통했나-현대차-팰리세이드-판매-쾌속-질주/ar-AA1TcbHG,-
⏳ 미요약,false,2026-01-07,인사이트코리아,검색:현대자동차,"정의선 현대차 회장, 휴머노이드 로봇 '아틀라스'에 미래 걸었다",https://www.insightkorea.co.kr/news/articleView.html?idxno=238794,-
⏳ 미요약,false,2026-01-08,녹색경제신문,검색:현대자동차,"KB캐피탈·현대캐피탈, 자동차 금융 전략 '미묘한 온도차'",https://www.msn.com/ko-kr/autos/일반/kb캐피탈-현대캐피탈-자동차-금융-전략-미묘한-온도차/ar-AA1TNhBz,-
⏳ 미요약,false,2019-06-13,헤럴드경제,검색:현대자동차,"현대기아차, 美 '오로라' 전략투자자율주행 기술 업그레이드 가속도",https://biz.heraldcorp.com/article/2022672,-
⏳ 미요약,false,2025-12-05,아시아경제,검색:현대자동차,"""자동차 산업, 주요국 '차세대 로봇 전략' 올라탄다""",https://www.asiae.co.kr/article/2025120510540740255,-
⏳ 미요약,false,2026-01-13,톱데일리,검색:현대자동차,"현대차그룹, 엔비디아 출신 박민우 사장 영입…AVP본부 이끈다",https://www.topdaily.kr/articles/107988,-
⏳ 미요약,false,2025-10-28,에이빙,검색:현대자동차,"정의선 현대차그룹 회장, 무함마드 빈 살만 사우디 왕세자와 회동... 신공장 건설 현장 및 성장 전략 점검",https://kr.aving.net/news/articleView.html?idxno=1805382,-
⏳ 미요약,false,2016-10-25,뉴스핌,검색:현대자동차,"현대車, 인도 시장에 7조원 투자키로...""인도, 현대차의 글로벌 전략""",https://www.newspim.com/news/view/20251015001397,-
⏳ 미요약,false,2025-12-03,EBN 산업경제신문,검색:현대자동차,"현대차, 선박·트랙터 등 적용 가능 전천후 '수소연료전지' 개발 나선다",https://www.ebn.co.kr/news/articleView.html?idxno=1689512,-
⏳ 미요약,false,2025-08-14,파이낸셜뉴스,검색:현대자동차,美 경제사절단 '4대 그룹+한화·HD현대·대한항공' 진용…순방 전 전략회의,https://www.fnnews.com/news/202508141058394380,-
⏳ 미요약,false,2025-12-03,한경닷컴,검색:현대자동차,"현대자동차, 글로벌 수소 생태계 구축을 위한 발걸음",https://www.hankyung.com/article/202512030043P,-
⏳ 미요약,false,2025-12-16,조선일보,검색:현대자동차,"현대모비스, 삼성 출신 임원 영입… 구매 전략 강화",https://it.chosun.com/news/articleView.html?idxno=2023092152958,-
⏳ 미요약,false,2025-12-03,데일리안,검색:현대자동차,"수소 선박·트랙터…현대차, 수소 연료전지 다양화 나선다",https://www.dailian.co.kr/news/view/1581361/,-
⏳ 미요약,false,2026-01-06,한국경제,검색:현대자동차,"현대차, 구글·엔비디아와 삼각동맹…""피지컬 AI 최강자 될 것""",https://www.msn.com/ko-kr/news/other/현대차-구글-엔비디아와-삼각동맹-피지컬-ai-최강자-될-것/ar-AA1TF9X1,-
⏳ 미요약,false,2025-12-03,조선일보,검색:현대자동차,선박/트랙터로 확장하는 수소 생태계...현대자동차 다자간 업무협약,https://biz.chosun.com/industry/car/2025/12/03/HA4WMN3DG43TONDGMVRTOZBZGY/,-
⏳ 미요약,false,2025-10-29,Etnews.com,검색:현대자동차,"페스카로, 한국자동차공학회 워크숍서 '사이버복원력' 확보 전략 제시",https://www.etnews.com/20251029000207,-
⏳ 미요약,false,2025-08-26,서울신문,검색:현대자동차,"현대모비스, 폐기물 재활용률 93%… 순환경제 전략 강화",https://www.seoul.co.kr/news/economy/business-news/2025/08/26/20250826500180,-
⏳ 미요약,false,2026-01-01,디지털타임스,검색:현대자동차,"AI로 질주…4대 그룹, 병오년 대전환에 사활",https://www.msn.com/ko-kr/기술/인공-지능/ai로-질주-4대-그룹-병오년-대전환에-사활/ar-AA1TnV9w,-
⏳ 미요약,false,2025-12-20,이투데이,검색:현대자동차,"'기업 밸류업' 떠오르자 신용평가업계는 '우려' [코스피, 잃어버린 6년②]",https://www.etoday.co.kr/search/?keyword=현대자동차+인수합병&fldTermType=1&fldSort=1&page=2,-
⏳ 미요약,false,2026-01-04,FNTIMES,검색:현대자동차,'붉은 말의 해' 재계가 달린다…병오년 4대 그룹은?,https://www.msn.com/ko-kr/news/news/붉은-말의-해-재계가-달린다-병오년-4대-그룹은/ar-AA1Tyyj1,-
⏳ 미요약,false,2025-09-01,MSN,검색:현대자동차,"정기선, 인수·합병 카드로 HD현대 '마스가·건설기계' 역량 업",https://www.msn.com/ko-kr/news/other/정기선-인수-합병-카드로-hd현대-마스가-건설기계-역량-업/ar-AA1LCViA,-
⏳ 미요약,false,2026-01-13,투데이신문,검색:현대자동차,"정의선, '아틀라스'로 로봇 뚝심 증명…AI·로보틱스 전환 가속",https://www.ntoday.co.kr/news/articleView.html?idxno=124114,-
⏳ 미요약,false,2025-07-06,이투데이,검색:현대자동차,"""경영 판단마다 법률 검토""… 상법 개정에 기업들 '비상' [기업 헌법 대개편]",https://www.etoday.co.kr/search/?keyword=현대자동차+인수&fldTermType=1&fldSort=1&page=2,-
⏳ 미요약,false,2025-10-01,MSN,검색:현대자동차,"""이제는 추억으로만…"" 인수합병 속에서 사라진 자동차 브랜드 6선",https://www.msn.com/ko-kr/news/other/이제는-추억으로만-인수합병-속에서-사라진-자동차-브랜드-6선/ar-AA1NE5v9,-
⏳ 미요약,false,2026-01-06,이투데이,검색:현대자동차,"""스팟·모베드·아틀라스까지"" 현대차그룹의 로봇 진화 로드맵은? [CES 2026]",https://www.msn.com/ko-kr/news/other/스팟-모베드-아틀라스까지-현대차그룹의-로봇-진화-로드맵은-ces-2026/ar-AA1TEqct,-
⏳ 미요약,false,2026-01-04,FNTIMES,검색:현대자동차,'붉은 말의 해' 재계가 달린다…병오년 4대 그룹은?,https://www.msn.com/ko-kr/autos/일반/붉은-말의-해-재계가-달린다-병오년-4대-그룹은/ar-AA1Tyyj1,-
⏳ 미요약,false,2024-11-04,에이빙,검색:현대자동차,"현대차그룹, '2024 현대자동차그룹 협력사 온라인 채용박람회' 개최… 총 650여 개 협력사 참여",https://kr.aving.net/news/articleView.html?idxno=1795175,-
⏳ 미요약,false,2025-09-26,뉴시스,검색:현대자동차,"[AD]현대자동차, 신입·경력사원 채용…내달 1일부터 접수",https://www.newsis.com/view/NISX20250926_0003345933,-
⏳ 미요약,false,2026-01-05,천지일보,검색:현대자동차,안성시 제5산단 현대차 채용 확대… 2026년 미래차 인력 본격 모집,https://www.newscj.com/news/articleView.html?idxno=3359715,-
⏳ 미요약,false,2025-01-08,zdnet,검색:현대자동차,현대자동차·LG에너지솔루션…올해 모빌리티 분야 채용 계획은,https://zdnet.co.kr/view/?no=20250108135942,-
⏳ 미요약,false,2023-08-27,뉴스핌,검색:현대자동차,"현대자동차, 6개분야 신입사원 채용",https://www.newspim.com/news/view/20230828000053,-
⏳ 미요약,false,2015-10-01,daily.hankooki,검색:현대자동차,"기아자동차·현대자동차 채용, 연봉·비법 자세히 살펴보고 합격하자",https://daily.hankooki.com/news/articleView.html?idxno=319009,-
⏳ 미요약,false,2025-03-31,MSN,검색:현대자동차,"현대자동차, '채용 실시'.. 글로벌 인재 모집 시작한다",https://www.msn.com/ko-kr/autos/일반/현대자동차-채용-실시-글로벌-인재-모집-시작한다/ar-AA1BYldM,-
⏳ 미요약,false,2024-02-28,zdnet,검색:현대자동차,"""3월의 새얼굴 뽑습니다""…현대차, 신입·인턴 채용",https://zdnet.co.kr/view/?no=20240228171544,-
⏳ 미요약,false,2025-02-28,조선일보,검색:현대자동차,"현대자동차, 3월 신입사원 채용…생산/제조 부문 중심",https://biz.chosun.com/industry/car/2025/02/28/TENY25QN55ATMWU3UMLV4RBJFA/,-
⏳ 미요약,false,2023-03-02,허프포스트코리아,검색:현대자동차,"'연봉 1억 킹산직?!!' 현대차가 10년 만에 '생산직 채용' 나서자 접속자가 폭주했고, 홈페이지는 하루 종일 똑같은 상태다",https://www.huffingtonpost.kr/news/articleView.html?idxno=207340,-
⏳ 미요약,false,2025-11-03,한경닷컴,검색:현대자동차,"현대자동차, '하이테크 탤런트 트랙' 지원자 모집",https://www.hankyung.com/article/202511039287P,-
⏳ 미요약,false,2025-11-04,스포츠한국,검색:현대자동차,"현대차그룹 ""2025 협력사 온라인 채용박람회 개최""",https://sports.hankooki.com/news/articleView.html?idxno=6914991,-
⏳ 미요약,false,2025-03-06,파이낸셜뉴스,검색:현대자동차,현대자동차·포스코인터내셔널 등 신입 채용 돌입,https://www.fnnews.com/news/202503060800122164,-
⏳ 미요약,false,2023-08-28,조선일보,검색:현대자동차,"현대자동차, 9월 신입사원 상시채용...6개 분야 26개 직무",https://biz.chosun.com/industry/car/2023/08/28/E6IXCTTOX2XKZ2HVSYOXDYLRNI/,-
⏳ 미요약,false,2026-01-05,에너지경제신문,검색:현대자동차,"안성시, 현대자동차 안성 캠퍼스 인재채용 본격화",https://www.msn.com/ko-kr/money/other/안성시-현대자동차-안성-캠퍼스-인재채용-본격화/ar-AA1TA4Ur,-
⏳ 미요약,false,2023-08-28,이투데이,검색:현대자동차,"현대차그룹, '미래 도시 계획자'로 거듭난다…관련 인재 채용",https://www.etoday.co.kr/news/view/2278751,-
⏳ 미요약,false,2025-06-13,에이블 뉴스,검색:현대자동차,"현대자동차, '장애인 맞춤훈련' 성료‥15명 채용",https://www.ablenews.co.kr/news/articleView.html?idxno=222320,-
⏳ 미요약,false,2022-08-08,조선일보,검색:현대자동차,[단독] 현대차 우주사업 본격 시동...'달 탐사 모빌리티' 인재 채용,https://it.chosun.com/news/articleView.html?idxno=2022080800948,-
⏳ 미요약,false,2025-03-31,아주경제,검색:현대자동차,"현대자동차, 글로벌 인재 공개 채용 실시",https://www.ajunews.com/view/20250331083513560,-
⏳ 미요약,false,2025-10-29,에이빙,검색:현대자동차,"현대자동차, '재팬 모빌리티쇼' 첫 참가... 수소전기차 '디 올 뉴 넥쏘'로 일본 친환경 자동차 시장 공략!",https://kr.aving.net/news/articleView.html?idxno=1805453,-
⏳ 미요약,false,2025-02-12,뷰어스,검색:현대자동차,"현대자동차, 전기차 배터리 자체 생산도 머지않았다?!",https://www.msn.com/ko-kr/news/other/현대자동차-전기차-배터리-자체-생산도-머지않았다/ar-AA1ySbFE,-
⏳ 미요약,false,2026-01-13,연합뉴스,검색:현대자동차,테슬라 모델3 신차 국비보조금 420만원…현대 아이오닉6 570만원,https://www.msn.com/ko-kr/news/other/테슬라-모델3-신차-국비보조금-420만원-현대-아이오닉6-570만원/ar-AA1U6xiN,-
⏳ 미요약,false,2025-11-27,OhmyNews,검색:현대자동차,"'현대차 전기차 신공장' 준공 앞두고 현장 간 울산시, 왜?",https://www.ohmynews.com/NWS_Web/View/at_pg.aspx?CNTN_CD=A0003186550,-
⏳ 미요약,false,2026-01-11,글로벌이코노믹,검색:현대자동차,"기아·현대, 2025년 美 시장 '역대 최고' 실적... 전기차 한파 뚫은 비결은 '유연성'",https://www.msn.com/ko-kr/money/other/기아-현대-2025년-美-시장-역대-최고-실적-전기차-한파-뚫은-비결은-유연성/ar-AA1TXU8T,-
⏳ 미요약,false,2025-11-27,헤럴드경제,검색:현대자동차,"울산시, 현대 전기차 신공장 현장지원 총력",https://biz.heraldcorp.com/article/10624962,-
⏳ 미요약,false,2026-01-05,매일경제,검색:현대자동차,현기차 찐효자 따로 있었네…전기차 주춤할때 판매 50% 급증한 '이 모델',https://www.msn.com/ko-kr/news/other/현기차-찐효자-따로-있었네-전기차-주춤할-때-판매-50-급증한-이-모델/ar-AA1TB9u5,-
⏳ 미요약,false,2025-08-27,zdnet,검색:현대자동차,"현대차·기아, 업계 최초 전기차 화재 안전정보 공개",https://zdnet.co.kr/view/?no=20250827143838,-
⏳ 미요약,false,2025-09-08,에이빙,검색:현대자동차,"KAMA, 올해 국내 전기차 누적 판매량 지난해 연간 판매량 육박... 현대·기아·테슬라 등 판매 호조!",https://kr.aving.net/news/articleView.html?idxno=1803851,-
⏳ 미요약,false,2026-01-12,조세일보,검색:현대자동차,"현대차·기아, 브뤼셀서 신형전기차 공개…스타리아EV·EV2 첫선",https://www.msn.com/ko-kr/news/other/현대차-기아-브뤼셀서-신형-전기차-공개-스타리아-ev-ev2-첫선/ar-AA1U1trb,-
⏳ 미요약,false,2025-11-26,서울신문,검색:현대자동차,"中자동차 글로벌 점유율 22%, 신흥국 중심 전기차 공세…현대차 '협업 대응'에도 인센티브 필요",https://www.seoul.co.kr/news/economy/car/2025/11/26/20251126500278,-
⏳ 미요약,false,2026-01-05,매거진한경,검색:현대자동차,"현대자동차, 관세 여파에도 美시장 184만대 판매…""역대 최다 기록""",https://www.msn.com/ko-kr/news/other/현대자동차-관세-여파에도-美시장-184만대-판매-역대-최다-기록/ar-AA1TAVeV,-
⏳ 미요약,false,2025-12-24,daily.hankooki,검색:현대자동차,"현대모비스, 로봇 액추에이터로 전기차 캐즘 정면돌파",https://daily.hankooki.com/news/articleView.html?idxno=1314377,-
⏳ 미요약,false,2025-10-09,한경닷컴,검색:현대자동차,"현대차, 하이브리드 18종으로 확대, 수소 등 친환경車 라인업 강화",https://www.hankyung.com/article/2025100990191,-
⏳ 미요약,false,2025-10-15,파이낸셜뉴스,검색:현대자동차,"성북구-현대자동차, 전기차 기반 재활용품 수거 전용 차량 운행",https://www.fnnews.com/news/202510151806174667,-
⏳ 미요약,false,2026-01-05,인사이트,검색:현대자동차,"아이오닉이 증명한 안전성, 현대차가 '할인'으로 답했다... 전기차 최대 100만원 추가 할인",https://www.insight.co.kr/news/536454,-
⏳ 미요약,false,2025-09-10,daily.hankooki,검색:현대자동차,전기차 전쟁터된 유럽…IAA 2025 열기 '후끈',https://daily.hankooki.com/news/articleView.html?idxno=1269071,-
⏳ 미요약,false,2025-11-12,이투데이,검색:현대자동차,"""전기차 화재, 예방·대응·사후관리 필수적…BMS 안전성 확보 사활""",https://www.etoday.co.kr/news/view/2524889,-
⏳ 미요약,false,2012-12-25,뉴스핌,검색:현대자동차,"현대위아, 전기차 특화 열관리 기술 '퍼스트 무버' 도전",https://www.newspim.com/news/view/20251212000095,-
⏳ 미요약,false,2025-11-28,metroseoul,검색:현대자동차,"울산시, 현대車 전기차 신공장 준공 현장 지원 '총력'",https://www.metroseoul.co.kr/article/20251127500857,-
⏳ 미요약,false,2026-01-14,이코노믹리뷰,검색:현대자동차,"현대차 아이오닉9, 세계 여성 올해의 차 최고의 대형 SUV 선정",https://www.econovill.com/news/articleView.html?idxno=725645,-
⏳ 미요약,false,2026-01-14,데일리카,검색:현대자동차,여성에게 인기 높은 현대차 '아이오닉 9'..과연 여성이 뽑은 '2026 올해의 차(WWCOTY 2026)'는?,https://www.dailycar.co.kr/content/news.html?type=view&autoId=60412,-
⏳ 미요약,false,2026-01-14,모터매거진,검색:현대자동차,"현대차 아이오닉 9, 전 세계 여성들이 선택한 최고의 대형 SUV 선정",https://www.motormag.co.kr/news/articleView.html?idxno=20981,-
⏳ 미요약,false,2026-01-14,한국아이닷컴,검색:현대자동차,"현대차 아이오닉 9, '2026 대한민국 올해의 차' 선정",https://www.msn.com/ko-kr/news/other/현대차-아이오닉-9-2026-대한민국-올해의-차-선정/ar-AA1UaMw3,-
⏳ 미요약,false,2026-01-09,서울경제,검색:현대자동차,"막내 SUV부터 형님급 MPV까지…현대차·기아, 유럽 EV '돌격'",https://www.msn.com/ko-kr/news/other/막내-suv부터-형님급-mpv까지-현대차-기아-유럽-ev-돌격/ar-AA1TSpnJ,-
⏳ 미요약,false,2026-01-05,이투데이,검색:현대자동차,"현대차·기아, 美 시장서 175만대 역대 최대 실적…하이브리드·SUV 전략 통했다",https://www.msn.com/ko-kr/news/other/현대차-기아-美-시장서-175만대-역대-최대-실적-하이브리드-suv-전략-통했다/ar-AA1TAc3W,-
⏳ 미요약,false,2026-01-06,데일리한국,검색:현대자동차,"넥센타이어, 현대차 中 전기 SUV '일렉시오'에 OE 공급",https://www.msn.com/ko-kr/news/other/넥센타이어-현대차-中-전기-suv-일렉시오에-oe-공급/ar-AA1TDCuG,-
⏳ 미요약,false,2026-01-13,한국경제,검색:현대자동차,여성도 반한 5m 넘는 대형 SUV…상 복 터진 현대차 아이오닉9,https://www.hankyung.com/article/202601149616g,-
⏳ 미요약,false,2026-01-14,매일경제,검색:현대자동차,'2026 세계 여성 올해의 차' 최고의 대형 SUV…현대차 아이오닉9,https://www.msn.com/ko-kr/news/other/2026-세계-여성-올해의-차-최고의-대형-suv-현대차-아이오닉9/ar-AA1Ua0Qq,-
⏳ 미요약,false,2026-01-14,티티엘뉴스,검색:현대자동차,"현대차 아이오닉 9, 2년 연속 세계 여성 올해의 대형 SUV 수상",https://www.ttlnews.com/news/articleView.html?idxno=3069059,-
⏳ 미요약,false,2026-01-14,소비자가 만드는 신문,검색:현대자동차,"현대차 아이오닉 9, '세계 여성 올해의 차'에서 최고의 대형 SUV로 선정",https://www.consumernews.co.kr/news/articleView.html?idxno=747922,-
⏳ 미요약,false,2026-01-14,서울경제,검색:현대자동차,"현대차 아이오닉9, 세계 여성 올해의 차 '최고 대형 SUV' 수상",https://www.msn.com/ko-kr/news/other/현대차-아이오닉9-세계-여성-올해의-차-최고-대형-suv-수상/ar-AA1U9XP7,-
⏳ 미요약,false,2026-01-14,머니S,검색:현대자동차,"현대차 아이오닉 9, 세계 여성 기자들이 뽑은 '최고 대형 SUV' 수상",https://www.moneys.co.kr/article/2026011408375467041,-
⏳ 미요약,false,2026-01-13,이투데이,검색:현대자동차,"현대차 아이오닉 9, 세계 여성 올해의 차 '최고의 대형 SUV' 부문 수상",https://www.msn.com/ko-kr/news/other/현대차-아이오닉-9-세계-여성-올해의-차-최고의-대형-suv-부문-수상/ar-AA1U9NFN,-
⏳ 미요약,false,2026-01-13,이데일리,검색:현대자동차,"현대차 아이오닉 9, '세계 여성 올해의 차' 최고 대형 SUV 부문 수상... 2년 연속 쾌거",https://www.msn.com/ko-kr/news/other/아이오닉9-세계-여성-올해의-차-최고의-대형-suv-부문-수상/ar-AA1U9NaL,-
⏳ 미요약,false,2026-01-14,매일경제,검색:현대자동차,"현대차 아이오닉9, 세계 여성 올해의 차 '대형 SUV' 부문 선정",https://www.msn.com/ko-kr/news/other/현대차-아이오닉9-세계-여성-올해의-차-대형-suv-부문-선정/ar-AA1U9TS0,-
⏳ 미요약,false,2026-01-14,뉴스워치,검색:현대자동차,"현대차 아이오닉9, 세계 여성 올해의 차 '최고 대형 SUV' 부문 수상",https://www.newswatch.kr/news/articleView.html?idxno=76434,-
⏳ 미요약,false,2026-01-14,뉴스핌,검색:현대자동차,"현대차 아이오닉 9, 세계 여성 올해의 차 '최고의 대형 SUV' 부문 수상..경쟁력 입증",https://www.msn.com/ko-kr/news/other/현대차-아이오닉-9-여성-기자들이-뽑은-최고의-대형-suv/ar-AA1U9KzH,-
⏳ 미요약,false,2026-01-14,지디넷코리아,검색:현대자동차,세계 여성 홀린 현대차 아이오닉9…올해의 대형 SUV 부문 수상,https://www.msn.com/ko-kr/news/techandscience/세계-여성-홀린-현대차-아이오닉9-올해의-대형-suv-부문-수상/ar-AA1U9RjJ,-
⏳ 미요약,false,2026-01-14,이뉴스투데이,검색:현대자동차,"현대차 아이오닉9, 세계 여성 올해의 차서 대형 SUV 부문 수상",https://www.enewstoday.co.kr/news/articleView.html?idxno=2381264,-
⏳ 미요약,false,2026-01-05,블로터,검색:현대자동차,"[2026 아웃룩] 현대차, 테슬라보다 늦은 '자율주행' 차별화 숙제",https://www.bloter.net/news/articleView.html?idxno=650975,-
⏳ 미요약,false,2026-01-05,티티엘뉴스,검색:현대자동차,"현대자동차, CES 2026서 차세대 자율주행 로봇 '모베드' 혁신상 수상",https://www.ttlnews.com/news/articleView.html?idxno=3066357,-
⏳ 미요약,false,2025-12-11,한국금융신문,검색:현대자동차,"'자율주행 비상' 현대차그룹, 사업 주체 포티투닷→모셔널?",https://www.fntimes.com/html/view.php?ud=2025121111221342627492587736_18,-
⏳ 미요약,false,2025-12-08,zdnet,검색:현대자동차,'안전 자율주행' 외치다 보낸 3년…현대차 자율주행 언제 가시화?,https://zdnet.co.kr/view/?no=20251208161413,-
⏳ 미요약,false,2026-01-13,뉴스핌,검색:현대자동차,[프로필] 박민우 현대차그룹 AVP본부장 겸 포티투닷 대표,https://www.newspim.com/news/view/20260113001023,-
⏳ 미요약,false,2025-12-03,이투데이,검색:현대자동차,"""흔들리지 않는 편안함"" 현대차, 로봇 강국 日서 자율주행 플랫폼 '모베드' 공개",https://www.etoday.co.kr/news/view/2532301,-
⏳ 미요약,false,2025-12-09,허프포스트코리아,검색:현대자동차,"현대차그룹 자율주행 완급 조절, 정의선 ""안전에 더 포커스를 두려 하고 있다""",https://www.huffingtonpost.kr/news/articleView.html?idxno=240244,-
⏳ 미요약,false,2009-12-25,뉴스핌,검색:현대자동차,"[자율주행 대변혁] 테슬라 FSD에 맞불…현대차 포티투닷, 일반도로 자율주행 영상 공개",https://www.newspim.com/news/view/20251208001061,-
⏳ 미요약,false,2026-01-07,헤럴드경제,검색:현대자동차,"'깐부' 정의선·젠슨황 ""자율주행 손잡는다""",https://biz.heraldcorp.com/article/10650623,-
⏳ 미요약,false,2025-12-08,한경닷컴,검색:현대자동차,테슬라 FSD 韓 상륙에…독자 자율주행 공개한 현대차,https://www.hankyung.com/article/2025120809011,-
⏳ 미요약,false,2026-01-05,IT 조선,검색:현대자동차,"정의선 회장 ""車 경쟁력 AI에 좌우""… 피지컬 AI 자신감",https://www.msn.com/ko-kr/news/other/정의선-회장-車-경쟁력-ai에-좌우-피지컬-ai-자신감/ar-AA1TzD70,-
⏳ 미요약,false,2025-01-20,MSN,검색:현대자동차,완전자율주행·홀로그래픽 스크린 '자동차의 AI화' 가속페달[자동차],https://www.msn.com/ko-kr/news/other/완전자율주행-홀로그래픽-스크린-자동차의-ai화-가속페달-자동차/ar-AA1xtY7M,-
⏳ 미요약,false,2025-12-12,아주경제,검색:현대자동차,"현대차, 다음주 사장단 인사...자율주행·미래항공 사령탑 인선 주목",https://www.ajunews.com/view/20251211144210957,-
⏳ 미요약,false,2025-12-24,한경닷컴,검색:현대자동차,"현대차, 자율주행 기술개발 속도…정의선 ""포티투닷 적극 지원""",https://www.hankyung.com/article/2025122438461,-
⏳ 미요약,false,2025-12-10,MTN 뉴스,검색:현대자동차,"""사장이 나가자 주가가 뛰었다""…현대차 자율주행, 무슨일 있었나 [이슈체크]",https://news.mtn.co.kr/news-detail/2025121013254997894,-
⏳ 미요약,false,2026-01-05,뉴스1,검색:현대자동차,"정의선 ""우려하던 위기 현실로…문제 숨기지 말고 보고해야""(종합)",https://www.msn.com/ko-kr/entertainment/games/정의선-우려하던-위기-현실로-문제-숨기지-말고-보고해야종합/ar-AA1TzmmT,-
⏳ 미요약,false,2025-12-08,zdnet,검색:현대자동차,현대차 포티투닷 '엔드투엔드 자율주행' 영상 공개,https://zdnet.co.kr/view/?no=20251208162957,-
⏳ 미요약,false,2025-12-25,서울신문,검색:현대자동차,"자율주행차 직접 탄 정의선 ""아낌없이 지원""",https://www.seoul.co.kr/news/economy/car/2025/12/25/20251225014002,-
⏳ 미요약,false,2025-12-18,이데일리,검색:현대자동차,"정의선 회장, 포티투닷 자율주행 기술 직접 점검한다",https://www.edaily.co.kr/News/Read?newsId=04270566642399832,-
⏳ 미요약,false,2025-06-26,MSN,검색:현대자동차,"현대차그룹, 한국 경제 기여액 年 359조…수출·경제성장·균형발전 견인",https://www.msn.com/ko-kr/news/other/현대차그룹-한국-경제-기여액-年-359조-수출-경제성장-균형발전-견인/ar-AA1HqETw,-
⏳ 미요약,false,2025-12-31,서울경제,검색:현대자동차,42년간 흑자 이어온 자동차…새해 수출 720억弗로 신기록 다시 쓴다[신년기획 K제조업의 심장을 가다],https://www.msn.com/ko-kr/news/other/42년간-흑자-이어온-자동차-새해-수출-720억弗로-신기록-다시-쓴다-신년기획-k제조업의-심장을-가다/ar-AA1TkAnw,-
⏳ 미요약,false,2025-07-22,MSN,검색:현대자동차,현대차그룹 대미 전기차 수출 88% 급감…현지생산·판매부진 탓,https://www.msn.com/ko-kr/news/other/현대차그룹-대미-전기차-수출-88-급감-현지생산-판매부진-탓/ar-AA1J2sZk,-
⏳ 미요약,false,2025-12-28,서울경제,검색:현대자동차,"현대차 착용로봇, 유럽·북미 수출 '정조준'",https://www.msn.com/ko-kr/news/other/현대차-착용로봇-유럽-북미-수출-정조준/ar-AA1T9ED9,-
⏳ 미요약,false,2025-09-14,MSN,검색:현대자동차,"16일부터 日과 관세 역전… 현대차, 대미수출 직격탄 [한·미 관세협상 난기류]",https://www.msn.com/ko-kr/money/topstories/16일부터-日과-관세-역전-현대차-대미수출-직격탄-한-미-관세협상-난기류/ar-AA1MvUpR,-
⏳ 미요약,false,2025-07-22,MSN,검색:현대자동차,"현대차그룹, 1~5월 美 전기차 수출 88% 급감… 4년 만에 최저",https://www.msn.com/ko-kr/news/other/현대차그룹-1-5월-美-전기차-수출-88-급감-4년-만에-최저/ar-AA1J1y66,-
⏳ 미요약,false,2025-06-24,MSN,검색:현대자동차,'관세 직격탄' 현대차·기아 5월 美 수출 21.5％↓…국내 車 총생산도 3.7％↓,https://www.msn.com/ko-kr/news/other/관세-직격탄-현대차-기아-5월-美-수출-215-국내-車-총생산도-37/ar-AA1Hit8i,-
⏳ 미요약,false,2025-07-21,MSN,검색:현대자동차,'중국산 현대차' 세계 휩쓴다… 수입차 무덤서 역발상 전략,https://www.msn.com/ko-kr/autos/전기차/중국산-현대차-세계-휩쓴다-수입차-무덤서-역발상-전략/ar-AA1IWG8E,-
⏳ 미요약,false,2025-06-24,MSN,검색:현대자동차,"현대차·기아, 美수출 국내 생산 동반 감소⋯ 고관세 여파",https://www.msn.com/ko-kr/news/other/현대차-기아-美수출-국내-생산-동반-감소-고관세-여파/ar-AA1HhVOL,-
⏳ 미요약,false,2023-07-25,MSN,검색:현대자동차,"현대차그룹, 대미 전기차 수출 88% 급감…""하반기 전망도 불투명"" : 알파경제TV",https://www.msn.com/ko-kr/news/other/현대차그룹-대미-전기차-수출-88-급감-하반기-전망도-불투명-알파경제tv/vi-AA1JadwA,-
⏳ 미요약,false,2025-08-05,MSN,검색:현대자동차,"현대차, '수출 단가 낮추기'도 검토…관건은 과세당국 협상",https://www.msn.com/ko-kr/money/markets/현대차-수출-단가-낮추기도-검토-관건은-과세당국-협상/ar-AA1JY4VL,-
⏳ 미요약,false,2025-07-26,MSN,검색:현대자동차,"현대차그룹, 車부품 현지화하나…부품업계 수출·납품 '먹구름'",https://www.msn.com/ko-kr/autos/일반/현대차그룹-車부품-현지화하나-부품업계-수출-납품-먹구름/ar-AA1JlRPp,-
⏳ 미요약,false,2025-08-19,MSN,검색:현대자동차,"'美 관세에 6,300억 푼다'…하나은행·현대차/기아, 자동차 수출기업 현장금융 지원",https://www.msn.com/ko-kr/news/other/美-관세에-6-300억-푼다-하나은행-현대차-기아-자동차-수출기업-현장금융-지원/ar-AA1KLp5X,-
⏳ 미요약,false,2025-12-28,서울경제,검색:현대자동차,"현대차 착용로봇, 유럽·북미 수출 '정조준'",https://www.sedaily.com/NewsView/2H1WNFQ0R8,-
⏳ 미요약,false,2025-06-25,MSN,검색:현대자동차,"'미국 관세' 5월 현대차·기아 대미 수출 21.5％ 급감, '엎친데 덮친 격'",https://www.msn.com/ko-kr/news/living/미국-관세-5월-현대차-기아-대미-수출-21-5-급감-엎친데-덮친-격/ar-AA1Hn9Nt,-
⏳ 미요약,false,2025-06-21,MSN,검색:현대자동차,"현대차, 미국발 수출 99％↓…트럼프 관세 대응 공급망 효율화",https://www.msn.com/ko-kr/news/other/현대차-미국발-수출-99-트럼프-관세-대응-공급망-효율화/ar-AA1HaDxC,-
⏳ 미요약,false,2025-07-21,MSN,검색:현대자동차,현대차그룹 대미 전기차 수출 88% 급감…현지생산·판매 부진 탓,https://www.msn.com/ko-kr/news/other/현대차그룹-대미-전기차-수출-88-급감-현지생산-판매-부진-탓/ar-AA1J1nKd,-
⏳ 미요약,false,2025-08-03,MSN,검색:현대자동차,"현대차, 美수출 관세부담 일본차보다 컸다",https://www.msn.com/ko-kr/autos/일반/현대차-美수출-관세부담-일본차보다-컸다/ar-AA1JOlIm,-
⏳ 미요약,false,2025-06-30,MSN,검색:현대자동차,[시승] 현대차 수출 1위 투싼..첫 하이브리드 해외 평가는,https://www.msn.com/ko-kr/autos/suv/시승-현대차-수출-1위-투싼-첫-하이브리드-해외-평가는/ar-AA1HFKof,-
⏳ 미요약,false,2025-07-22,MSN,검색:현대자동차,현대차그룹 전기차 대미수출 '10분의 1' 급갑… 지역 車부품업계도 '긴장감',https://www.msn.com/ko-kr/autos/전기차/현대차그룹-전기차-대미수출-10분의-1-급갑-지역-車부품업계도-긴장감/ar-AA1J3cbB,-
⏳ 미요약,false,2026-01-14,연합뉴스,검색:현대자동차,"정의선 현대차그룹 회장, 현대차 인도 푸네공장 방문",https://www.yna.co.kr/view/PYH20260114023900013,-
⏳ 미요약,false,2026-01-12,뉴스웨이,검색:현대자동차,캐나다 잠수함 수주 조건은 자동차였다···정의선 회장의 선택은,https://www.newsway.co.kr/news/view?ud=2026011211505644620,-
⏳ 미요약,false,2026-01-07,더팩트,검색:현대자동차,"[CES 2026] 백익진 현대위아 모빌리티솔루션사업부 상무 ""그룹 다크 팩토리 전략 기여""",https://news.tf.co.kr/read/economy/2280119.htm,-
⏳ 미요약,false,2026-01-08,헤럴드경제,검색:현대자동차,"""24시간 7일 가동 무인공장"" 정의선 회장의 픽 DF247 [H-EXCLUSIVE]",https://www.msn.com/ko-kr/news/other/24시간-7일-가동-무인공장-정의선-회장의-픽-df247-h-exclusive/ar-AA1TMwnK,-
⏳ 미요약,false,2026-01-13,뉴스타운,검색:현대자동차,"선문대학교, 외국인 유학생 대상 현대자동차 아산공장 기업탐방",https://www.newstown.co.kr/news/articleView.html?idxno=687703,-
⏳ 미요약,false,2026-01-14,연합뉴스,검색:현대자동차,"정의선 현대차그룹 회장, 현대차 인도 첸나이공장 통합산업보건센터 방문",https://www.yna.co.kr/view/PYH20260114024300013,-
⏳ 미요약,false,2026-01-14,연합뉴스,검색:현대자동차,"정의선 현대차그룹 회장, 현대차 인도 푸네공장 방문",https://www.yna.co.kr/view/PYH20260114023800013,-
⏳ 미요약,false,2025-05-15,MSN,검색:현대자동차,"현대자동차, 사우디아라비아에 중동 첫 생산공장 착공",https://www.msn.com/ko-kr/news/other/현대자동차-사우디아라비아에-중동-첫-생산공장-착공/ar-AA1ENqIq,-
⏳ 미요약,false,2025-12-31,네이버 블로그,검색:현대자동차,14만원에 판 공장 못 찾나 현대차 러시아 바이백 옵션 종료 임박,https://www.msn.com/ko-kr/news/other/14만원에-판-공장-못-찾나-현대차-러시아-바이백-옵션-종료-임박/ar-AA1TjJ4g,-
⏳ 미요약,false,2025-10-12,MSN,검색:현대자동차,"""현대자동차 미 조지아 공장, 이민 단속 이전에 근로 안전 매우 취약""…WSJ",https://www.msn.com/ko-kr/news/world/현대자동차-미-조지아-공장-이민-단속-이전에-근로-안전-매우-취약-wsj/ar-AA1Ojnvn,-
⏳ 미요약,false,2025-06-04,MSN,검색:현대자동차,현대 전기차 전용 생산공장 출입로 관건.. 울산 아산로 손본다,https://www.msn.com/ko-kr/news/other/현대-전기차-전용-생산공장-출입로-관건-울산-아산로-손본다/ar-AA1G2LOz,-
⏳ 미요약,false,2025-07-16,MSN,검색:현대자동차,"현대자동차 울산공장, 총파업 동참…일부 생산 차질",https://www.msn.com/ko-kr/news/other/현대자동차-울산공장-총파업-동참-일부-생산-차질/ar-AA1IJtEI,-
⏳ 미요약,false,2026-01-05,이코노믹데일리,검색:현대자동차,"현대차그룹, 지난해 글로벌 판매 727만대…""올해 750만대 목표""",https://www.economidaily.com/view/20260105171428082,-
⏳ 미요약,false,2025-08-05,MSN,검색:현대자동차,"현대차, 해외 첫 공식 브랜드 팬덤 '현대모터클럽 재팬' 출범",https://www.msn.com/ko-kr/money/markets/현대차-해외-첫-공식-브랜드-팬덤-현대모터클럽-재팬-출범/ar-AA1JU94y,-
⏳ 미요약,false,2025-09-18,MSN,검색:현대자동차,"현대캐피탈, 해외법인 적자 확산...정형진號 글로벌 전략 시험대",https://www.msn.com/ko-kr/news/other/현대캐피탈-해외법인-적자-확산-정형진號-글로벌-전략-시험대/ar-AA1MJh8F,-
⏳ 미요약,false,2025-12-31,MSN,검색:현대자동차,"현대자동차 아산공장, '희망2026나눔캠페인' 성금 1억 4000만원 기탁",https://www.msn.com/ko-kr/autos/일반/현대자동차-아산공장-희망2026나눔캠페인-성금-1억-4000만원-기탁/ar-AA1TjpJA,-
⏳ 미요약,false,2025-05-03,MSN,검색:현대자동차,"중국 자동차 업계, 해외 관세 장벽 넘어 현지 생산 전환 가속화",https://www.msn.com/ko-kr/news/other/중국-자동차-업계-해외-관세-장벽-넘어-현지-생산-전환-가속화/ar-AA1E4ZWa,-
⏳ 미요약,false,2025-09-24,MSN,검색:현대자동차,현대모비스 자회사 파업에 현대차·기아 일부 공장 '스톱'(종합),https://www.msn.com/ko-kr/news/other/현대모비스-자회사-파업에-현대차-기아-일부-공장-스톱종합/ar-AA1NbWOi,-
⏳ 미요약,false,2025-11-27,MSN,검색:현대자동차,"현대제철, 카바디 해외 학회서 3세대 자동차 강판 기술력 소개",https://www.msn.com/ko-kr/news/other/현대제철-카바디-해외-학회서-3세대-자동차-강판-기술력-소개/ar-AA1RfPZ3,-
⏳ 미요약,false,2025-10-13,아시아경제,검색:현대자동차,정의선 회장 취임 5년…현대차 영업익 5배 뛰었다,https://www.asiae.co.kr/article/2025101309210096057,-
⏳ 미요약,false,2025-10-22,이투데이,검색:현대자동차,"현대차, 인도서 '국민차 등극' 눈앞…역대 최대 실적 청신호 [현대차 印 상장 1년]",https://www.etoday.co.kr/news/view/2516520,-
⏳ 미요약,false,2025-12-24,한국금융신문,검색:현대자동차,'로봇은 뒤처지면 안돼'…현대차그룹 휴머노이드 '아틀라스' 출격,https://www.fntimes.com/html/view.php?ud=2025122413194278197492587736_18,-
⏳ 미요약,false,2025-12-22,아시아경제,검색:현대자동차,"전기차 부진, 현대차 덮쳤다…울산 생산라인 20% 감축",https://www.asiae.co.kr/article/2025121917183203875,-
⏳ 미요약,false,2025-12-18,daily.hankooki,검색:현대자동차,현대차그룹 연말 임원 인사…R&D본부장에 만프레드 하러 사장 승진 임명,https://daily.hankooki.com/news/articleView.html?idxno=1311545,-
⏳ 미요약,false,2025-11-16,zdnet,검색:현대자동차,"현대차그룹, 5년간 국내 125조원 투자…韓 제조업 '초격차'",https://zdnet.co.kr/view/?no=20251116152915,-
⏳ 미요약,false,2025-11-10,조선일보,검색:현대자동차,삼성·SK는 변화 택했는데… 사장단 인사 앞둔 현대차그룹의 고민은,https://biz.chosun.com/industry/car/2025/11/11/VP2XMAUEVVEIZKARFKDKUNVZJM/,-
⏳ 미요약,false,2025-11-30,한경닷컴,검색:현대자동차,"현대차·기아, 美점유율 상승폭 1위…'투트랙' 전략 통했다",https://www.hankyung.com/article/2025113043831,-
⏳ 미요약,false,2025-10-27,한경닷컴,검색:현대자동차,"""3개월 만에 2조4500억 날릴 판""…현대차·기아 '충격 전망'",https://www.hankyung.com/article/202510274146i,-
⏳ 미요약,false,2025-11-11,이투데이,검색:현대자동차,"현대차, 15% 관세 손익반영은 내년부터...적용 시점이 관건",https://www.etoday.co.kr/news/view/2524392,-
⏳ 미요약,false,2025-11-24,daily.hankooki,검색:현대자동차,"현대차, 주요공장 주말 특근 돌입…""팔 차가 없다""",https://daily.hankooki.com/news/articleView.html?idxno=1300296,-
⏳ 미요약,false,2025-11-16,아시아투데이,검색:현대자동차,"현대차, 5년간 국내 125兆 투자… AI·로봇 등 미래산업 키운다",https://www.asiatoday.co.kr/kn/view.php?key=20251117010008230,-
⏳ 미요약,false,2025-10-16,zdnet,검색:현대자동차,"美 재무장관 ""한국과 무역협상 마무리 중""…현대차, 관세 손실 줄일까",https://zdnet.co.kr/view/?no=20251016122651,-
⏳ 미요약,false,2025-10-01,조선일보,검색:현대자동차,"[단독] 현대차, GM과 협업 조직 신설… ""개발·생산 주도""",https://biz.chosun.com/industry/car/2025/10/01/5DVLSXRXKBFQDG7YUC6T54T4CI/,-
⏳ 미요약,false,2025-12-11,이투데이,검색:현대자동차,"현대차, 독일 출신 전문가로 R&D 수장 교체 ""미래차 개발 속도""",https://www.etoday.co.kr/news/view/2535105,-
⏳ 미요약,false,2025-10-30,이투데이,검색:현대자동차,"현대차, 9300억 투자⋯울산 9만㎡ '수소연료전지' 신공장 착공",https://www.etoday.co.kr/news/view/2520070,-
⏳ 미요약,false,2025-11-20,조선일보,검색:현대자동차,"LA 오토쇼 21일 개막… 현대차, 美 오프로드 시장 공략할 콘셉트카 공개",https://biz.chosun.com/industry/car/2025/11/21/MQOVN6R3PJCQTETTPAORVB25AI/,-
⏳ 미요약,false,2025-12-18,MSN,검색:현대자동차,"현대차그룹, 정기 임원 인사 단행…""불확실성 선제 대비""",https://www.msn.com/ko-kr/money/일반/현대차그룹-정기-임원-인사-단행-불확실성-선제-대비/ar-AA1SyHgA,-
⏳ 미요약,false,2026-01-02,조선비즈,검색:현대자동차,"CEO는 '파리 목숨', 전략은 '오락가락'… 비전 실종된 현대오토에버",https://www.msn.com/ko-kr/news/other/ceo는-파리-목숨-전략은-오락가락-비전-실종된-현대오토에버/ar-AA1TpxB6,-
⏳ 미요약,false,2026-01-07,이투데이,검색:현대자동차,"[특징주] 현대글로비스, 현대차 보스턴다이내믹스·구글 협업 소식에 덩달아 상승세",https://www.msn.com/ko-kr/news/other/특징주-현대글로비스-현대차-보스턴다이내믹스-구글-협업-소식에-덩달아-상승세/ar-AA1TILqB,-
⏳ 미요약,false,2026-01-01,허프포스트코리아,검색:현대자동차,"현대차그룹 첨단차플랫폼 수장 이례적 공석, '위기의 자율주행' 정의선 '송창현 이후' 카드는?",https://www.huffingtonpost.kr/news/articleView.html?idxno=241133,-
⏳ 미요약,false,2025-12-16,MSN,검색:현대자동차,"현대차그룹, 외부인재 영입...변화 속도낸다",https://www.msn.com/ko-kr/news/other/현대차그룹-외부인재-영입-변화-속도낸다/ar-AA1SrjS2,-
⏳ 미요약,false,2025-12-17,MSN,검색:현대자동차,"현대차그룹, 18일 임원 인사…""투톱재편·세대교체""",https://www.msn.com/ko-kr/news/other/현대차그룹-18일-임원-인사-투톱재편-세대교체/ar-AA1SwArb,-
⏳ 미요약,false,2025-12-18,MSN,검색:현대자동차,[인사] 현대자동차그룹,https://www.msn.com/ko-kr/news/other/인사-현대자동차그룹/ar-AA1SziiN,-
⏳ 미요약,false,2025-12-24,MSN,검색:현대자동차,"현대차, 첫 여성 사장 배출하며 S/W·IT 인사 실시",https://www.msn.com/ko-kr/news/news/현대차-첫-여성-사장-배출하며-s-w-it-인사-실시/ar-AA1SVxpb,-
⏳ 미요약,false,2025-12-19,MSN,검색:현대자동차,현대차 정기 인사 하루만에 깜짝 인사... 윤효준 신임 국내사업본부장,https://www.msn.com/ko-kr/news/other/현대차-정기-인사-하루만에-깜짝-인사-윤효준-신임-국내사업본부장/ar-AA1SEO6e,-
⏳ 미요약,false,2025-07-01,MSN,검색:현대자동차,"현대차, 지속가능경영 성과·계획 담은 '2025년 지속가능성 보고서' 발간",https://www.msn.com/ko-kr/news/other/현대차-지속가능경영-성과-계획-담은-2025년-지속가능성-보고서-발간/ar-AA1HIQp9,-
⏳ 미요약,false,2026-01-02,동아일보,검색:현대자동차,"현대차그룹, 해양에서 미래 찾는다… 정의선 회장 '새로운 지속가능경영' 주문",https://www.msn.com/ko-kr/news/other/현대차그룹-해양에서-미래-찾는다-정의선-회장-새로운-지속가능경영-주문/ar-AA1TrdNM,-
⏳ 미요약,false,2026-01-02,뉴스웨이,검색:현대자동차,"정의선 회장, 해양 생태계 복원 앞장서며 ESG 경영 리더십 입증",https://www.newsway.co.kr/news/view?ud=2026010218382738935,-
⏳ 미요약,false,2026-01-02,매일경제,검색:현대자동차,"""아나바다, 바다도 기업도 지켜요""…정의선, 순환경제로 현대차그룹 경쟁력 강화",https://www.msn.com/ko-kr/news/other/아나바다-바다도-기업도-지켜요-정의선-순환경제로-현대차그룹-경쟁력-강화/ar-AA1Tr36q,-
⏳ 미요약,false,2025-12-22,이투데이,검색:현대자동차,"현대차·기아, 민관과 자동차산업 공급망 탄소중립 전환 지원 [상생경영]",https://www.etoday.co.kr/news/view/2537187,-
⏳ 미요약,false,2026-01-04,그린포스트코리아,검색:현대자동차,"현대차그룹, 독립운동 사적지 보존부터 의전까지 앞장··· 보훈 활동 진심",https://www.msn.com/ko-kr/news/other/현대차그룹-독립운동-사적지-보존부터-의전까지-앞장-보훈-활동-진심/ar-AA1Tx4sl,-
⏳ 미요약,false,2025-12-16,데일리안,검색:현대자동차,"생산성본부, 2025년 지속가능경영 유공 24개 기업 포상",https://www.dailian.co.kr/news/view/1586854/,-
⏳ 미요약,false,2023-07-11,MSN,검색:현대자동차,"현대오토에버, '2023 지속가능경영 보고서' 발간",https://www.msn.com/ko-kr/money/markets/현대오토에버-2023-지속가능경영-보고서-발간/ar-AA1dGYEr,-
⏳ 미요약,false,2025-06-30,MSN,검색:현대자동차,"현대로템, 2025 지속가능경영보고서 발간…폐기물 배출량 10.7% 감소",https://www.msn.com/ko-kr/news/other/현대로템-2025-지속가능경영보고서-발간-폐기물-배출량-10-7-감소/ar-AA1HEuQs,-
⏳ 미요약,false,2025-07-01,MSN,검색:현대자동차,"""폐차가 신차로?"" 현대차, 지속가능 전략에 '순환경제' 담았다",https://www.msn.com/ko-kr/autos/전기차/폐차가-신차로-현대차-지속가능-전략에-순환경제-담았다/ar-AA1HMlgg,-
⏳ 미요약,false,2025-06-30,MSN,검색:현대자동차,"현대로템, 5년 연속 '지속가능경영보고서' 발간",https://www.msn.com/ko-kr/news/other/현대로템-5년-연속-지속가능경영보고서-발간/ar-AA1HEDyj,-
⏳ 미요약,false,2025-06-30,MSN,검색:현대자동차,"현대로템, 2025 지속가능경영보고서 발간... ""ESG 기반 성장 전략 본격화""",https://www.msn.com/ko-kr/news/other/현대로템-2025-지속가능경영보고서-발간-esg-기반-성장-전략-본격화/ar-AA1HF4ZX,-
⏳ 미요약,false,2025-07-01,MSN,검색:현대자동차,"HDC현대산업개발, '2025 지속가능경영보고서' 발간...ESG 경영 체계 고도화",https://www.msn.com/ko-kr/news/other/hdc현대산업개발-2025-지속가능경영보고서-발간-esg-경영-체계-고도화/ar-AA1HJ8og,-
⏳ 미요약,false,2025-07-15,MSN,검색:현대자동차,"현대트랜시스, 2025 지속가능경영 보고서 발간",https://www.msn.com/ko-kr/autos/news/현대트랜시스-2025-지속가능경영-보고서-발간/ar-AA1IBrzs,-
⏳ 미요약,false,2025-09-29,MSN,검색:현대자동차,"'ESG경영 확산' 현대로템, 지속가능경영품질대상 받았다",https://www.msn.com/ko-kr/news/other/esg경영-확산-현대로템-지속가능경영품질대상-받았다/ar-AA1Nu0dS,-
⏳ 미요약,false,2025-09-29,MSN,검색:현대자동차,"현대로템, '2025 지속가능경영품질대상' 수상",https://www.msn.com/ko-kr/news/other/현대로템-2025-지속가능경영품질대상-수상/ar-AA1NtSvM,-
⏳ 미요약,false,2026-01-02,이투데이,검색:현대자동차,"정의선 회장, 해양 생태계 복원 앞장 ""ESG 경영 선도""",https://www.msn.com/ko-kr/news/other/정의선-회장-해양-생태계-복원-앞장-esg-경영-선도/ar-AA1TrodT,-
⏳ 미요약,false,2026-01-02,프라임경제,검색:현대자동차,바다에서 시작된 ESG…정의선이 그리는 지속가능 경쟁력,https://www.msn.com/ko-kr/money/일반/바다에서-시작된-esg-정의선이-그리는-지속가능-경쟁력/ar-AA1Trl41,-
⏳ 미요약,false,2026-01-02,에너지경제신문,검색:현대자동차,"'사람 중심' 정의선의 경영 철학…현대차그룹, 로보틱스로 산업안전 혁신 추진",https://www.msn.com/ko-kr/money/other/사람-중심-정의선의-경영-철학-현대차그룹-로보틱스로-산업안전-혁신-추진/ar-AA1Trz5i,-
⏳ 미요약,false,2025-12-17,EBN 산업경제신문,검색:현대자동차,"현대차그룹, 글로벌 통상환경 대응 방안 '현지화'로 굳히기 돌입",https://www.ebn.co.kr/news/articleView.html?idxno=1691579,-
⏳ 미요약,false,2025-12-04,조선일보,검색:현대자동차,"현대차, 美 15% 관세 소급 적용에 ""정부 노력에 감사, 다각도 대응""",https://it.chosun.com/news/articleView.html?idxno=2023092152235,-
⏳ 미요약,false,2025-11-18,EBN 산업경제신문,검색:현대자동차,"현대차그룹, 사이버 보안 '컨트롤타워' 구축…커넥티드카 시대 선제 대응",https://www.ebn.co.kr/news/articleView.html?idxno=1687173,-
⏳ 미요약,false,2024-08-28,MSN,검색:현대자동차,"현대자동차, 10년간 120조 투자…""시장 상황 유연 대응·전동화 전환 총력""",https://www.msn.com/ko-kr/news/other/현대자동차-10년간-120조-투자-시장-상황-유연-대응-전동화-전환-총력/ar-AA1pyIOQ,-
⏳ 미요약,false,2021-03-23,아시아뉴스통신,검색:현대자동차,"동아마이스터고, 취업 한파에도 현대자동차 합격자 9명 배출 쾌거",https://www.anewsa.com/detail.php?number=2380502,-
⏳ 미요약,false,2025-03-07,서울경제,검색:현대자동차,"산업부, 자동차 업계 만나 관세 대응 논의…""다음 달 대책 마련""",https://www.msn.com/ko-kr/news/other/산업부-자동차-업계-만나-관세-대응-논의-다음-달-대책-마련/ar-AA1Aq8dp,-
⏳ 미요약,false,2025-03-19,이데일리,검색:현대자동차,"현대자동차그룹, 2025 상하이 모터쇼 불참 결정",https://www.msn.com/ko-kr/news/other/현대자동차그룹-2025-상하이-모터쇼-불참-결정/ar-AA1BdCTi,-
⏳ 미요약,false,2025-11-16,노컷뉴스,검색:현대자동차,"현대차, 125.2조 '최대 국내투자' 5년간 단행…'AI·로봇 발전' 힘 싣는다",https://www.nocutnews.co.kr/news/6429144,-
⏳ 미요약,false,2025-12-22,EBN 산업경제신문,검색:현대자동차,"호세 무뇨스 현대차 사장, 한국차기자협회 '산업 부문 혁신상' 수상",https://www.ebn.co.kr/news/articleView.html?idxno=1692185,-
⏳ 미요약,false,2025-11-17,서울신문,검색:현대자동차,"삼성 450조·SK 128조·현대차 125조·LG 100조… 재계, 국내 투자 챙긴다",https://www.seoul.co.kr/news/economy/2025/11/17/20251117001006,-
⏳ 미요약,false,2025-12-22,노컷뉴스,검색:현대자동차,'2025 자동차인' 산업부문 혁신상에 호세 무뇨스 현대차 사장,https://www.nocutnews.co.kr/news/6446202,-
⏳ 미요약,false,2026-01-01,현대경제신문,검색:현대자동차,韓 수출 7000억 달러 시대···반도체·자동차 '쌍두마차' 역대 최대 실적,https://www.finomy.com/news/articleView.html?idxno=246855,-
⏳ 미요약,false,2025-09-18,MSN,검색:현대자동차,"[재계·산업동향]현대차·HD현대, '채용 빅뱅'…청년 일자리 전선 후끈",https://www.msn.com/ko-kr/기술/기술-회사/재계-산업동향-현대차-hd현대-채용-빅뱅-청년-일자리-전선-후끈/ar-AA1MNCaS,-
⏳ 미요약,false,2026-01-08,이뉴스투데이,검색:현대자동차,"[2026CES] 과기정통부, 국내 주요기업과 논의···""피지컬 AI 주도권 강화""",https://www.enewstoday.co.kr/news/articleView.html?idxno=2379289,-
⏳ 미요약,false,2025-10-20,데일리안,검색:현대자동차,9월 자동차산업 3개월 연속 트리플 증가,https://www.dailian.co.kr/news/view/1561440/,-
⏳ 미요약,false,2025-09-29,아시아투데이,검색:현대자동차,"HDC현대산업개발, 스마트 기술로 시스템 고도화…차세대 디지털 건설 환경 구축",https://www.asiatoday.co.kr/kn/view.php?key=20250928010013590,-
⏳ 미요약,false,2025-11-04,MTN 뉴스,검색:현대자동차,"정부, 수소산업 육성 드라이브…현대차·HD현대·두산 등 '기대감'↑",https://news.mtn.co.kr/news-detail/2025110414233733434,-
⏳ 미요약,false,2025-10-20,한경닷컴,검색:현대자동차,"현대자동차, '국민 세단' 쏘나타 출시 40년…국내 고급 중형차 시장 선도",https://www.hankyung.com/article/2025102092171,-
⏳ 미요약,false,2025-11-21,에이빙,검색:현대자동차,"현대자동차, 美 '2025 LA 오토쇼'서 콤팩트 오프로드 콘셉트카 '크레이터' 공개… ""새로운 경험과 모험의 가치 선사할 것""",https://kr.aving.net/news/articleView.html?idxno=1806344,-
⏳ 미요약,false,2025-11-27,한국금융신문,검색:현대자동차,"HDC현대산업개발, 재무건정성 강화로 시장의 신뢰 다져",https://www.fntimes.com/html/view.php?ud=202511241130194941b372994c95_18,-
⏳ 미요약,false,2025-09-03,SBS,검색:현대자동차,자동차·조선·배터리 AI 솔루션 한자리…3∼5일 '산업AI 엑스포',https://news.sbs.co.kr/news/endPage.do?news_id=N1008241343,-
⏳ 미요약,false,2025-12-16,아시아경제,검색:현대자동차,"HDC현대산업개발, 드론 띄우고 타워 CCTV 확대…스마트건설로 현장 혁신",https://www.asiae.co.kr/article/2025121515325947766,-
⏳ 미요약,false,2025-12-10,zdnet,검색:현대자동차,"[유미's 픽] SW·AI에 미래 건 현대차그룹, 정기 인사 임박…현대오토에버에 힘 실릴까",https://zdnet.co.kr/view/?no=20251209162318,-
⏳ 미요약,false,2025-12-04,에이빙,검색:현대자동차,"강남훈 한국자동차모빌리티산업협회 회장, ""WHE 2025, 수소 산업 발전 및 도약 위한 플랫폼으로써 글로벌 협력과 교류의 장 마련할 것!""",https://kr.aving.net/news/articleView.html?idxno=1806804,-
⏳ 미요약,false,2026-01-05,뉴스1,검색:현대자동차,"과기정통부, CES 2026서 AI 산업 동향 점검…글로벌 협력 강화",https://www.msn.com/ko-kr/news/other/과기정통부-ces-2026서-ai-산업-동향-점검-글로벌-협력-강화/ar-AA1TzqWw,-
⏳ 미요약,false,2025-12-03,MTN 뉴스,검색:현대자동차,"카이스트 벤처기업 오믈렛, 산업은행·현대기술투자 등서 프리A 유치",https://news.mtn.co.kr/news-detail/2025120309375015403,-
⏳ 미요약,false,2025-12-15,daily.hankooki,검색:현대자동차,"현대차, 중국산 수출 확대…호주에 전기 SUV 투입",https://daily.hankooki.com/news/articleView.html?idxno=1309901,-
⏳ 미요약,false,2026-01-05,글로벌경제신문,검색:현대자동차,"삼성전자·SK·현대차·LG·포스코·GS 등 재계, '한중 비즈 포럼' 총출동 AI·식품·금융 등 협력 논의",https://www.msn.com/ko-kr/news/other/삼성전자-sk-현대차-lg-포스코-gs-등-재계-한중-비즈-포럼-총출동-ai-식품-금융-등-협력-논의/ar-AA1TAbh2,-
⏳ 미요약,false,2025-11-26,MSN,검색:현대자동차,[특징주 분석] 배당·저PBR 부각… 롯데지주 롯데그룹 지주사주 재평가 흐름,https://www.msn.com/ko-kr/news/other/특징주-분석-배당-저pbr-부각-롯데지주-롯데그룹-지주사주-재평가-흐름/ar-AA1RawXs,-
⏳ 미요약,false,2025-11-25,MSN,검색:현대자동차,"[마켓인]롯데지주, 돌려막기 급급한데 조달은 '첩첩산중'",https://www.msn.com/ko-kr/news/other/마켓인-롯데지주-돌려막기-급급한데-조달은-첩첩산중/ar-AA1R9pDI,-
⏳ 미요약,false,2025-03-26,MSN,검색:현대자동차,"이동우 롯데지주 대표 ""실적반등 위해 글로벌 공략 박차""",https://www.msn.com/ko-kr/news/other/이동우-롯데지주-대표-실적반등-위해-글로벌-공략-박차/ar-AA1BFgeo,-
⏳ 미요약,false,2025-06-25,MSN,검색:현대자동차,"[현장] 롯데지주, 롯데百 고강도 내부 감사 착수…배경은",https://www.msn.com/ko-kr/news/other/현장-롯데지주-롯데百-고강도-내부-감사-착수-배경은/ar-AA1Hqmpq,-
⏳ 미요약,false,2025-09-01,MSN,검색:현대자동차,"'롯데 3세' 신유열, 롯데지주 주식 4천여주 추가매입",https://www.msn.com/ko-kr/news/other/롯데-3세-신유열-롯데지주-주식-4천여주-추가매입/ar-AA1LCYGa,-
⏳ 미요약,false,2025-09-02,MSN,검색:현대자동차,"'롯데 3세' 신유열 롯데지주 부사장, 자사주 1.2억 추가 매입",https://www.msn.com/ko-kr/news/other/롯데-3세-신유열-롯데지주-부사장-자사주-1-2억-추가-매입/ar-AA1LCDLi,-
⏳ 미요약,false,2025-07-17,MSN,검색:현대자동차,"롯데 창업주 맏딸 신영자, 롯데지주·쇼핑 지분 전량 처분…""상속세 마련""",https://www.msn.com/ko-kr/news/other/롯데-창업주-맏딸-신영자-롯데지주-쇼핑-지분-전량-처분-상속세-마련/ar-AA1IKTHD,-
⏳ 미요약,false,2025-06-27,MSN,검색:현대자동차,"롯데지주, 자사주 비중 확 줄인다···물산에 5% 매각",https://www.msn.com/ko-kr/news/other/롯데지주-자사주-비중-확-줄인다-물산에-5-매각/ar-AA1Hvfoz,-
⏳ 미요약,false,2025-09-01,MSN,검색:현대자동차,"'롯데 3세' 신유열, 롯데지주 주식 4168주 매수…지분율 0.03%",https://www.msn.com/ko-kr/money/상위-주식/롯데-3세-신유열-롯데지주-주식-4168주-매수-지분율-0-03/ar-AA1LDn2E,-
⏳ 미요약,false,2025-11-20,MSN,검색:현대자동차,"신세계·현대 끝났고 롯데만 남았다…신동빈 회장, 인사 결단 주목",https://www.msn.com/ko-kr/news/other/신세계-현대-끝났고-롯데만-남았다-신동빈-회장-인사-결단-주목/ar-AA1QNsmj,-
⏳ 미요약,false,2025-02-17,에너지경제,검색:현대자동차,롯데글로벌로지스 IPO가 악재… 롯데지주 자금압박 커진다,https://www.msn.com/ko-kr/news/other/롯데글로벌로지스-ipo가-악재-롯데지주-자금압박-커진다/ar-AA1zbPkk,-
⏳ 미요약,false,2025-12-03,MSN,검색:현대자동차,'롯데바이오' 전면 나선 신유열 부사장…지주 지분 늘리며 책임경영 의지,https://www.msn.com/ko-kr/money/other/롯데바이오-전면-나선-신유열-부사장-지주-지분-늘리며-책임경영-의지/ar-AA1RC8f2,-
⏳ 미요약,false,2025-11-26,MSN,검색:현대자동차,"롯데지주, 신임 공동대표 고정욱·노준형…""실무형 조직 전환""",https://www.msn.com/ko-kr/money/topstories/롯데지주-신임-공동대표-고정욱-노준형-실무형-조직-전환/ar-AA1RaLT2,-
⏳ 미요약,false,2025-08-24,MSN,검색:현대자동차,"'자사주 비율 28%' 고민 많은 롯데지주, 소액주주는 기대감 [저PBR 숨은그림찾기]",https://www.msn.com/ko-kr/money/경제/자사주-비율-28-고민-많은-롯데지주-소액주주는-기대감-저pbr-숨은그림찾기/ar-AA1L86Fr,-
⏳ 미요약,false,2025-11-26,MSN,검색:현대자동차,"롯데그룹, 부회장단 전원 용퇴…백화점 대표엔 50세 롯데맨",https://www.msn.com/ko-kr/money/topstories/롯데그룹-부회장단-전원-용퇴-백화점-대표엔-50세-롯데맨/ar-AA1Rb4hp,-
⏳ 미요약,false,2025-06-26,MSN,검색:현대자동차,"롯데지주, 자사주 5% 롯데물산에 넘겨",https://www.msn.com/ko-kr/news/other/롯데지주-자사주-5-롯데물산에-넘겨/ar-AA1HrHkz,-
⏳ 미요약,false,2025-06-26,MSN,검색:현대자동차,"롯데지주, 1448억 규모 자사주 5% 매각",https://www.msn.com/ko-kr/news/other/롯데지주-1448억-규모-자사주-5-매각/ar-AA1Hs1gC,-
⏳ 미요약,false,2025-12-18,MSN,검색:현대자동차,"롯데지주, 케미칼 실적 부진이 발목...목표가 하향-흥국證",https://www.msn.com/ko-kr/news/other/롯데지주-케미칼-실적-부진이-발목-목표가-하향-흥국證/ar-AA1SyNK0,-
⏳ 미요약,false,2025-09-09,MSN,검색:현대자동차,"롯데지주, 신유열 부사장 1.2억원 자사주 매입",https://www.msn.com/ko-kr/news/other/롯데지주-신유열-부사장-1-2억원-자사주-매입/ar-AA1LD9Mh,-
⏳ 미요약,false,2008-07-09,뉴스핌,검색:현대자동차,"\\""POSCO·현대하이스코, 전방산업 회복 수혜\\""-우리투자",https://www.newspim.com/news/view/20090708000112,-
⏳ 미요약,false,2012-06-15,헤럴드경제,검색:현대자동차,"생생코스피>삼성물산, POSCO, 현대모비스 등 유로전 위기 불구, 올 2분기 순이익 컨센서스 상향",https://biz.heraldcorp.com/article/10241435,-
⏳ 미요약,false,2025-09-29,한경닷컴,검색:현대자동차,"""200조 車반도체 시장 공략""…드림팀 꾸린 현대모비스",https://www.hankyung.com/article/2025092957471,-
⏳ 미요약,false,2025-07-03,조선일보,검색:현대자동차,"[강세 토픽] 철강 주요업체 테마, POSCO홀딩스 +6.25%, 현대제철 +4.41%",https://biz.chosun.com/stock/c-biz_bot/2025/07/03/YSL6MJKHOMYFN3BUX44Q62ZFNM/,-
⏳ 미요약,false,2025-11-20,조선일보,검색:현대자동차,"[강세 토픽] 철강 주요업체 테마, POSCO홀딩스 +3.67%, 세아베스틸지주 +2.84%",https://biz.chosun.com/stock/c-biz_bot/2025/11/20/MM2DAOBRMVSGGN3GG43TONZZGI/,-
⏳ 미요약,false,2018-09-03,헤럴드경제,검색:현대자동차,"포스코ㆍ현대제철, 美 철강 쿼터 '품목 예외' 신청",https://biz.heraldcorp.com/article/1771632,-
⏳ 미요약,false,2012-06-25,MSN,검색:현대자동차,[투자의 눈] 삼성전자 필옵틱스 로보티즈 / 현대제철 POSCO홀딩스 / 한국항공우주 현대로템 에스와이스틸텍 / HLB그룹주 / 이권희 대표 ...,https://www.msn.com/ko-kr/money/other/투자의-눈-삼성전자-필옵틱스-로보티즈-현대제철-posco홀딩스-한국항공우주-현대로템-에스와이스틸텍-hlb그룹주-이권희-대표-손열호-팀장-매일경제tv/vi-AA1ABJe3,-
⏳ 미요약,false,2026-01-14,한국일보,검색:현대자동차,'주식 불장'에 시총 상위 20위 대변동…LG화학·고려아연 등 6곳 순위 밖으로,https://www.msn.com/ko-kr/news/other/주식-불장에-시총-상위-20위-대변동-lg화학-고려아연-등-6곳-순위-밖으로/ar-AA1UacIi,-
⏳ 미요약,false,2026-01-11,조선일보,검색:현대자동차,삼성·SK·한화 '폭주'할 때 LG·롯데는 제자리…10대 그룹 시총 희비,https://www.msn.com/ko-kr/money/topstories/삼성-sk-한화-폭주-할-때-lg-롯데는-제자리-10대-그룹-시총-희비/ar-AA1U0OCE,-
⏳ 미요약,false,2026-01-12,매일경제,검색:현대자동차,"""글로벌 배터리 핵심 생산기지 韓, 전고체 분야서도 질주할것""",https://www.mk.co.kr/news/business/11930504,-
⏳ 미요약,false,2026-01-05,글로벌경제신문,검색:현대자동차,"삼성전자·SK·현대차·LG·포스코·GS 등 재계, '한중 비즈 포럼' 총출동 AI·식품·금융 등 협력 논의",https://www.msn.com/ko-kr/기술/기술-회사/삼성전자-sk-현대차-lg-포스코-gs-등-재계-한중-비즈-포럼-총출동-ai-식품-금융-등-협력-논의/ar-AA1TAbh2,-
⏳ 미요약,false,2025-09-08,MSN,검색:현대자동차,"석화 빅딜 급물살…GS칼텍스·LG화학, HD현대·롯데케미칼 통합설",https://www.msn.com/ko-kr/news/other/석화-빅딜-급물살-gs칼텍스-lg화학-hd현대-롯데케미칼-통합설/ar-AA1M60Ur,-
⏳ 미요약,false,2025-09-01,MSN,검색:현대자동차,"[산업 리그테이블]④LG, 간신히 지켜낸 성장세…엔솔 없었으면?",https://www.msn.com/ko-kr/news/other/산업-리그테이블-lg-간신히-지켜낸-성장세-엔솔-없었으면/ar-AA1LFeaV,-
⏳ 미요약,false,2025-07-03,MSN,검색:현대자동차,"[인기검색TOP5] 로킷헬스케어, 상지건설, 현대제철, POSCO홀딩스, LG화학",https://www.msn.com/ko-kr/news/other/인기검색top5-로킷헬스케어-상지건설-현대제철-posco홀딩스-lg화학/ar-AA1HTb7h,-
⏳ 미요약,false,2025-10-16,MSN,검색:현대자동차,"""LG화학, 엔솔 빼면 실적 부진""... HD현대마린솔루션, 내년까지 호실적 전망 [株토피아]",https://www.msn.com/ko-kr/news/other/lg화학-엔솔-빼면-실적-부진-hd현대마린솔루션-내년까지-호실적-전망-株토피아/ar-AA1Oyr7C,-
⏳ 미요약,false,2025-06-16,MSN,검색:현대자동차,"LG화학, 120년 기술력 일본 노리타케와 ""자동차 반도체용 접착제 개발""",https://www.msn.com/ko-kr/news/other/lg화학-120년-기술력-일본-노리타케와-자동차-반도체용-접착제-개발/ar-AA1GNOfM,-
⏳ 미요약,false,2010-12-25,MSN,검색:현대자동차,"""美 급습 뒤엔 회사 측 문제도""...현대·LG 공장서 벌어진 산재 [Y녹취록] / YTN",https://www.msn.com/ko-kr/news/other/美-급습-뒤엔-회사-측-문제도-현대-lg-공장서-벌어진-산재-y녹취록-ytn/vi-AA1M55sE,-
⏳ 미요약,false,2025-09-07,MSN,검색:현대자동차,"美, 조지아주 현대-LG 배터리 시설 내 한국 근로자 대거 구금… 외교 갈등 조짐",https://www.msn.com/ko-kr/news/other/美-조지아주-현대-lg-배터리-시설-내-한국-근로자-대거-구금-외교-갈등-조짐/ar-AA1M3C50,-
⏳ 미요약,false,2025-11-17,MSN,검색:현대자동차,현대·LG 조지아 합작공장 '한국인 구금' 사태 이후 美 '대규모 ICE 단속' 재발 가능성 낮아,https://www.msn.com/ko-kr/news/other/현대-lg-조지아-합작공장-한국인-구금-사태-이후-美-대규모-ice-단속-재발-가능성-낮아/ar-AA1QCl4Q,-
⏳ 미요약,false,2026-01-14,시사저널e,검색:현대자동차,60조 캐나다 잠수함 수주전서 '자동차' 변수···현대차 선택은?,https://www.sisajournal-e.com/news/articleView.html?idxno=418564,-
⏳ 미요약,false,2026-01-05,울산매일,검색:현대자동차,"현대차그룹·HD현대중공업, 새해 승부수는 '피지컬 AI'",https://www.iusm.co.kr/news/articleView.html?idxno=1058206,-
⏳ 미요약,false,2026-01-07,NSP통신,검색:현대자동차,HD현대중공업'상향'…미 해군 MRO 추가 수주로 중장기 가시성,https://www.msn.com/ko-kr/news/other/실적기대감-hd현대중공업-상향-미-해군-mro-추가-수주로-중장기-가시성/ar-AA1TJmfC,-
⏳ 미요약,false,2026-01-07,서울신문,검색:현대자동차,[서울데이터랩]현대차 15.75% 상승하며 강세 LG에너지솔루션 NAVER 하락세,https://www.msn.com/ko-kr/money/topstories/서울데이터랩-현대차-1575-상승하며-강세-lg에너지솔루션-naver-하락세/ar-AA1TIpd9,-
⏳ 미요약,false,2026-01-07,서울경제,검색:현대자동차,코스피 또 사상 최고치…현대차 14%대 급등[마켓시그널],https://www.msn.com/ko-kr/news/other/코스피-또-사상-최고치-현대차-14-대-급등-마켓시그널/ar-AA1TIviS,-
⏳ 미요약,false,2026-01-08,서울경제,검색:현대자동차,현대차 '피지컬'에 엔비디아 'AI' 합친다…테슬라 정조준 [주식 뉴스],https://www.msn.com/ko-kr/news/other/현대차-피지컬에-엔비디아-ai-합친다-테슬라-정조준-주식-뉴스/ar-AA1TLM33,-
⏳ 미요약,false,2026-01-07,위클리오늘,검색:현대자동차,"[위클리오늘] 현대차, 1.14% 상승... 코스피 혼조세",https://www.weeklytoday.com/news/articleView.html?idxno=750530,-
⏳ 미요약,false,2026-01-13,컨슈머타임스,검색:현대자동차,"현대차, 사상 최초 시총 80조원 '돌파'…전망도 밝아",https://www.cstimes.com/news/articleView.html?idxno=688175,-
⏳ 미요약,false,2026-01-13,이투데이,검색:현대자동차,[종합] 코스피ㆍ코스닥 동반 상승 출발⋯현대차 강세,https://www.msn.com/ko-kr/news/other/종합-코스피ㆍ코스닥-동반-상승-출발-현대차-강세/ar-AA1U5qIR,-
⏳ 미요약,false,2026-01-13,서울와이어,검색:현대자동차,"코스피, 8거래일 연속 최고치 경신…현대차 7%↑",https://www.seoulwire.com/news/articleView.html?idxno=701350,-
⏳ 미요약,false,2026-01-08,한국경제,검색:현대자동차,[단독]'60조 加잠수함' 발주 앞두고 강훈식·김정관 급파…한화오션·현대차 임원도 출동,https://www.msn.com/ko-kr/news/other/단독-60조-加잠수함-발주-앞두고-강훈식-김정관-급파-한화오션-현대차-임원도-출동/ar-AA1TMht8,-
⏳ 미요약,false,2026-01-12,한국경제,검색:현대자동차,"[마켓PRO] Today's Pick : ""현대차, 자동차 업종 주도할 것…최선호주""",https://www.hankyung.com/article/202601136691i,-
⏳ 미요약,false,2026-01-12,한국경제,검색:현대자동차,"12일, 외국인 거래소에서 삼성전자(-0.14%), 현대차(+0.27%) 등 순매도",https://www.msn.com/ko-kr/news/other/12일-외국인-거래소에서-삼성전자-014-현대차-027-등-순매도/ar-AA1U2CSP,-
⏳ 미요약,false,2026-01-07,더팩트,검색:현대자동차,4600선은 내줬지만…삼성전자·SK하이닉스·현대차 '날았다',https://www.msn.com/ko-kr/news/other/4600선은-내줬지만-삼성전자-sk하이닉스-현대차-날았다/ar-AA1TJ4RU,-
⏳ 미요약,false,2026-01-09,뉴스핌,검색:현대자동차,[CES 2026] 현대차·기아 로봇 AI 칩 양산들어간다...'피지컬 AI' 실현,https://www.msn.com/ko-kr/news/other/ces-2026-현대차-기아-로봇용-온디바이스-ai-칩-개발-완료-피지컬-ai-본격화/ar-AA1TQtYs,-
⏳ 미요약,false,2026-01-07,이코노믹데일리,검색:현대자동차,"HD현대중공업, 심폐소생술로 시민 구한 직원 자녀·학생 표창",https://www.economidaily.com/view/20260107104905290,-
⏳ 미요약,false,2026-01-08,아시아경제,검색:현대자동차,"[특징주]HD현대중공업, 美 해군 MRO 추가 수주에 5%↑",https://www.msn.com/ko-kr/money/markets/특징주-hd현대중공업-美-해군-mro-추가-수주에-5/ar-AA1TMxFV,-
⏳ 미요약,false,2026-01-07,토큰포스트,검색:현대자동차,"코스피, 사상 첫 4,600 돌파…외국인 순매수에 반도체·현대차 강세",https://www.tokenpost.kr/news/market/321784,-
⏳ 미요약,false,2026-01-07,이코노믹데일리,검색:현대자동차,"코스피, 최고치 경신 후 0.57% 오른 4551.06 마감…삼성전자·SK하이닉스·현대차 '들썩'",https://www.economidaily.com/view/20260107154722613,-
⏳ 미요약,false,2026-01-13,아시아경제,검색:현대자동차,"코스피, 종가 기준 사상 처음 4690선 돌파…현대차 시총 80조 넘었다",https://www.msn.com/ko-kr/news/other/코스피-종가-기준-사상-처음-4690선-돌파-현대차-시총-80조-넘었다/ar-AA1U6d54,-
⏳ 미요약,false,2025-10-13,MSN,검색:현대자동차,"한화손보, 캐롯 품고 자동차보험 업계 5위로…상품 라인업 고도화·타깃 세분화",https://www.msn.com/ko-kr/news/other/한화손보-캐롯-품고-자동차보험-업계-5위로-상품-라인업-고도화-타깃-세분화/ar-AA1Ooshr,-
⏳ 미요약,false,2025-01-26,파이낸셜뉴스,검색:현대자동차,"[단독] 기아 노조, 통상임금 소송전…노조원 2만명 위임 신청",https://www.msn.com/ko-kr/news/other/단독-기아-노조-통상임금-소송전-노조원-2만명-위임-신청/ar-AA1xRXTP,-
⏳ 미요약,false,2025-09-10,MSN,검색:현대자동차,"한화·유진·하이브 등 13개 대기업, 친족·임원에 '주식지급' 약정'",https://www.msn.com/ko-kr/news/other/한화-유진-하이브-등-13개-대기업-친족-임원에-주식지급-약정/ar-AA1Mf8cp,-
⏳ 미요약,false,2025-02-19,데일리한국,검색:현대자동차,"한화·KAI·현대로템, AI로 똑똑한 무기 개발 '속도'",https://www.msn.com/ko-kr/news/other/한화-kai-현대로템-ai로-똑똑한-무기-개발-속도/ar-AA1zl2Oa,-
⏳ 미요약,false,2025-11-04,MSN,검색:현대자동차,퇴직 공직자 절반 기업행… 한화·삼성·현대차 순으로 영입 많아,https://www.msn.com/ko-kr/money/topstories/퇴직-공직자-절반-기업행-한화-삼성-현대차-순으로-영입-많아/ar-AA1PNwX5,-
⏳ 미요약,false,2018-12-25,MSN,검색:현대자동차,"대통령실, 7개 기업과 환율 대응 긴급 간담회 / 연합뉴스TV (YonhapnewsTV)",https://www.msn.com/ko-kr/news/other/대통령실-7개-기업과-환율-대응-긴급-간담회-연합뉴스tv-yonhapnewstv/vi-AA1SzCZg,-
⏳ 미요약,false,2025-11-10,MSN,검색:현대자동차,"'원잠' 국내 건조 추진…HD현대·한화, 공동 건조 열리나",https://www.msn.com/ko-kr/money/topstories/원잠-국내-건조-추진-hd현대-한화-공동-건조-열리나/ar-AA1Q79ne,-
⏳ 미요약,false,2025-08-11,MSN,검색:현대자동차,베트남 총서기 방한에 줄 선 韓 기업들…희토류·방산 협력 러시,https://www.msn.com/ko-kr/money/other/베트남-총서기-방한에-줄-선-韓-기업들-희토류-방산-협력-러시/ar-AA1Kh41t,-
⏳ 미요약,false,2025-11-16,MSN,검색:현대자동차,삼성 450조·현대차 125조…국내투자 판 키운다,https://www.msn.com/ko-kr/news/other/삼성-450조-현대차-125조-국내투자-판-키운다/ar-AA1QwYAY,-
⏳ 미요약,false,2025-12-16,MSN,검색:현대자동차,한화오션 상생안에 산업계 촉각…원·하청 성과급 기준 흔들리나,https://www.msn.com/ko-kr/money/인적-자원/한화오션-상생안에-산업계-촉각-원-하청-성과급-기준-흔들리나/ar-AA1SrgyM,-
⏳ 미요약,false,2025-11-17,MSN,검색:현대자동차,"""특수화물 경쟁력""…현대글로비스, K-방산 화물 폴란드 운송",https://www.msn.com/ko-kr/news/other/특수화물-경쟁력-현대글로비스-k-방산-화물-폴란드-운송/ar-AA1QyCPq,-
⏳ 미요약,false,2025-11-17,MSN,검색:현대자동차,"현대글로비스, 폴란드에 K2 전차·K9 자주포 운송 성공",https://www.msn.com/ko-kr/news/other/현대글로비스-폴란드에-k2-전차-k9-자주포-운송-성공/ar-AA1QyvkC,-
⏳ 미요약,false,2025-09-10,MSN,검색:현대자동차,"한화 등 13개 대기업, 총수·친족·임원에 성과 대신 주식 지급 약정",https://www.msn.com/ko-kr/news/other/한화-등-13개-대기업-총수-친족-임원에-성과-대신-주식-지급-약정/ar-AA1MeJ7A,-
⏳ 미요약,false,2025-12-26,아시아경제,검색:현대자동차,"[미리보는 CES]韓 삼성·LG·현대차·두산, AI로 각축전…전장부터 로봇까지",https://www.asiae.co.kr/article/2025122407461799910,-
⏳ 미요약,false,2026-01-08,NSP통신,검색:현대자동차,"[재계·산업계 동향] 현대차·두산, CES 2026서 AI·에너지 축 미래 사업 가시화",https://www.msn.com/ko-kr/기술/인공-지능/재계-산업계-동향-현대차-두산-ces-2026서-ai-에너지-축-미래-사업-가시화/ar-AA1TNwYb,-
⏳ 미요약,false,2026-01-07,글로벌경제신문,검색:현대자동차,"피지컬 AI 우리도 있소이다~ 미국 CES서 韓 '중후장대' 스페셜리스트 된 현대차·두산, 왜?",https://www.msn.com/ko-kr/news/other/피지컬-ai-우리도-있소이다-미국-ces서-韓-중후장대-스페셜리스트-된-현대차-두산-왜/ar-AA1TJ9xb,-
⏳ 미요약,false,2026-01-06,조선일보,검색:현대자동차,"[CES 2026] 현장 찾은 현대차 정의선…'깐부' 젠슨 황 만나고, 삼성·LG 부스도 방문",https://www.msn.com/ko-kr/money/topstories/ces-2026-현장-찾은-현대차-정의선-깐부-젠슨-황-만나고-삼성-lg-부스도-방문/ar-AA1TH78s,-
⏳ 미요약,false,2026-01-07,더벨,검색:현대자동차,"[CES 2026]정의선-젠슨황 '재회', AI 로보틱스 협력 확대별도 미팅룸에서 환담...정 회장, 삼성·LG·두산·퀄컴 전시관도 방문",https://www.thebell.co.kr/free/content/ArticleView.asp?key=202601070801202300102480,-
⏳ 미요약,false,2025-12-26,뉴스토마토,검색:현대자동차,"로봇, 전장, AI…국내 대기업들 CES서 차세대 기술 각축전",https://www.newstomato.com/ReadNews.aspx?no=1286059,-
⏳ 미요약,false,2025-12-30,데일리안,검색:현대자동차,피지컬 AI의 현실화…로봇 움직이는 '로보틱스 반도체' 부상,https://www.dailian.co.kr/news/view/1591725/,-
⏳ 미요약,false,2026-01-06,MBC 뉴스,검색:현대자동차,현대차도 '젠슨황'도‥이번 CES는 '로봇 대전',https://imnews.imbc.com/replay/2026/nwtoday/article/6791693_37012.html,-
⏳ 미요약,false,2026-01-07,한국일보,검색:현대자동차,"[현장]""모베드랑 컬래버 하시죠""...정의선이 콕 찍은 새 짝꿍은",https://www.hankookilbo.com/News/Read/A2026010708270001231,-
⏳ 미요약,false,2025-12-22,이투데이,검색:현대자동차,"글로벌 '피지컬 AI' 대격돌… K-혁신 기술, 美 수놓는다 [미리보는 CES]",https://www.etoday.co.kr/news/view/2537908,-
⏳ 미요약,false,2025-12-29,조선일보,검색:현대자동차,CES 2026서 주목받는 '피지컬 AI'… 韓 기업들 '로봇 생태계'로 승부수,https://biz.chosun.com/it-science/ict/2025/12/29/BPIHNVFWQZC5LAEL6MJS5T5VJI/,-
⏳ 미요약,false,2026-01-05,한국경제,검색:현대자동차,"현대차, 휴머노이드 '아틀라스' 공개... 내후년 美공장에 투입",https://www.msn.com/ko-kr/news/other/속보-손가락-꺾고-물건-줍고-현대차-휴머노이드-아틀라스-공개-ces-2026/ar-AA1TDcol,-
⏳ 미요약,false,2025-12-18,데일리안,검색:현대자동차,"현대차그룹, 219명 정기 임원 인사…R&D·핵심기술 경쟁력 강화 중심",https://www.dailian.co.kr/news/view/1587681,-
⏳ 미요약,false,2025-12-18,이투데이,검색:현대자동차,"[종합] ""기술·재무 투트랙 재편""…현대차그룹, 미래차 전환 '속도'",https://www.etoday.co.kr/news/view/2537443,-
⏳ 미요약,false,2025-12-24,한경닷컴,검색:현대자동차,"24일, 거래소 외국인 순매도상위에 운수장비 업종 5종목",https://www.hankyung.com/article/202512244045L,-
⏳ 미요약,false,2025-05-20,MSN,검색:현대자동차,"산업부, LG·현대차·두산 등과 1조 규모 온디바이스 AI 반도체 개발 착수",https://www.msn.com/ko-kr/기술/인공-지능/산업부-lg-현대차-두산-등과-1조-규모-온디바이스-ai-반도체-개발-착수/ar-AA1F6jS2,-
⏳ 미요약,false,2025-05-20,MSN,검색:현대자동차,"정부, 현대차·LG·두산 등과 '온디바이스 AI 반도체' 개발 착수",https://www.msn.com/ko-kr/기술/인공-지능/정부-현대차-lg-두산-등과-온디바이스-ai-반도체-개발-착수/ar-AA1F74Kh,-
⏳ 미요약,false,2026-01-08,EBN,검색:현대자동차,"[CES '26] 현대차그룹 제로원, 스타트업 혁신 기술 전시",https://www.ebn.co.kr/news/articleView.html?idxno=1694432,-
⏳ 미요약,false,2025-10-30,MSN,검색:현대자동차,"[31일 실적발표] 기아, SK이노베이션, 한화시스템, 현대건설...",https://www.msn.com/ko-kr/news/other/31일-실적발표-기아-sk이노베이션-한화시스템-현대건설/ar-AA1PtXCM,-
⏳ 미요약,false,2025-07-22,MSN,검색:현대자동차,"[산업 이모저모] 현대자동차그룹, APEC 에너지장관회의에 공식 의전 차량 지원",https://www.msn.com/ko-kr/news/other/산업-이모저모-현대자동차그룹-apec-에너지장관회의에-공식-의전-차량-지원/ar-AA1J3HSW,-
⏳ 미요약,false,2025-07-22,MSN,검색:현대자동차,[AT 산업 단신] HD현대·HD현대일렉트릭·현대차·HMM,https://www.msn.com/ko-kr/news/other/at-산업-단신-hd현대-hd현대일렉트릭-현대차-hmm/ar-AA1J2TAh,-
⏳ 미요약,false,2025-07-08,MSN,검색:현대자동차,"현대차증권, 네이버페이∙토스 제휴 신규 IRP 계좌 개설 이벤트",https://www.msn.com/ko-kr/news/other/현대차증권-네이버페이-토스-제휴-신규-irp-계좌-개설-이벤트/ar-AA1IaBVz,-
⏳ 미요약,false,2025-11-27,헤럴드경제,검색:현대자동차,'민관 원팀' 政·엔비디아·삼성·현대차·SKT·네이버 'GPU 워킹그룹' 발족,https://biz.heraldcorp.com/article/10624712,-
⏳ 미요약,false,2025-11-26,EBN 산업경제신문,검색:현대자동차,"[EBN 오늘(26일) 이슈 종합] 네이버-두나무 빅딜, 현대차 글로벌 톱2 완성차 목표 등",https://www.ebn.co.kr/news/articleView.html?idxno=1688504,-
⏳ 미요약,false,2025-11-27,이데일리,검색:현대자동차,"AI 패권 GPU에서… 류제명 2차관, SKT·네이버·현대차·삼성SDS와 'GPU 워킹그룹' 출범",https://www.edaily.co.kr/News/Read?newsId=03627686642369984,-
⏳ 미요약,false,2025-11-27,파이낸셜뉴스,검색:현대자동차,'엔비디아 GPU 활용전략' 삼성·현대차·SK·네이버 머리 맞댄다,https://www.fnnews.com/news/202511271822390128,-
⏳ 미요약,false,2025-10-21,MSN,검색:현대자동차,"현대차證 ""미래에셋증권, 네이버파이낸셜 재평가 기대감…목표가 15% 상향""",https://www.msn.com/ko-kr/news/other/현대차證-미래에셋증권-네이버파이낸셜-재평가-기대감-목표가-15-상향/ar-AA1OQB5V,-
⏳ 미요약,false,2025-12-04,뉴시스,검색:현대자동차,"현대차, 연구개발 총괄 송창현 AVP본부장 사의…후임은?",https://www.newsis.com/view/NISX20251204_0003427844,-
⏳ 미요약,false,2025-11-19,조선일보,검색:현대자동차,"현대차, 美 생산 비중 80%로 늘린다는데… 국내 공장 물량 메우기 숙제로",https://biz.chosun.com/industry/car/2025/11/19/SY4KXVOPUZE6PNVVAMN5V4COZA/,-
⏳ 미요약,false,2025-12-17,이투데이,검색:현대자동차,"현대차, 대표 MPV '더 뉴 스타리아' 출시",https://www.etoday.co.kr/news/view/2536792,-
⏳ 미요약,false,2025-12-09,조세일보,검색:현대자동차,"현대차·기아 목표주가 대폭 상향…""완성차 업종 비중 확대할 시점"" [현대차證]",https://www.joseilbo.com/news/htmls/2025/12/20251209558410.html,-
⏳ 미요약,false,2025-11-27,뉴스핌,검색:현대자동차,"정부·엔비디아·삼성·현대차·SKT·네이버, GPU 워킹그룹 공식 발족",https://www.newspim.com/news/view/20251127000313,-
⏳ 미요약,false,2025-10-31,MSN,검색:현대자동차,"삼성-SK AI 팩토리, 현대차 로보틱스… 엔비디아와 '판' 바꾼다",https://www.msn.com/ko-kr/기술/기술-회사/삼성-sk-ai-팩토리-현대차-로보틱스-엔비디아와-판-바꾼다/ar-AA1PAhI6,-
⏳ 미요약,false,2025-02-16,MSN,검색:현대자동차,모건스탠리 '휴머노이드 100'에 삼성·현대차·네이버 포함,https://www.msn.com/ko-kr/money/topstories/모건스탠리-휴머노이드-100-에-삼성-현대차-네이버-포함/ar-AA1z8gwp,-
⏳ 미요약,false,2025-10-31,MSN,검색:현대자동차,"엔비디아 ""韓에 GPU 26만장 공급""…소버린 AI부터 삼성·SK·현대차·네이버 등 'AI 인프라 구축'",https://www.msn.com/ko-kr/기술/하드웨어-및-디바이스/엔비디아-韓에-gpu-26만장-공급-소버린-ai부터-삼성-sk-현대차-네이버-등-ai-인프라-구축/ar-AA1PxR2y,-
⏳ 미요약,false,2025-04-10,MSN,검색:현대자동차,"""네이버 목표가 하향…1분기 실적 하회·웹툰 경쟁 심화""-현대차",https://www.msn.com/ko-kr/news/other/네이버-목표가-하향-1분기-실적-하회-웹툰-경쟁-심화-현대차/ar-AA1CHyYg,-
⏳ 미요약,false,2025-04-20,MSN,검색:현대자동차,"""네이버, 컬리와 협업으로 신선식품 강화 긍정적""-현대차",https://www.msn.com/ko-kr/money/기술/네이버-컬리와-협업으로-신선식품-강화-긍정적-현대차/ar-AA1Dhpfk,-
⏳ 미요약,false,2025-04-11,MSN,검색:현대자동차,"""네이버, 1분기 실적 기대치 하회 예상…목표가↓""-현대차",https://www.msn.com/ko-kr/money/other/네이버-1분기-실적-기대치-하회-예상-목표가-현대차/ar-AA1CHIhz,-
⏳ 미요약,false,2025-07-03,MSN,검색:현대자동차,"""네이버, 'AI브리핑' 서비스 연착륙 수혜…목표가 상향""-현대차",https://www.msn.com/ko-kr/news/other/네이버-ai브리핑-서비스-연착륙-수혜-목표가-상향-현대차/ar-AA1HVLmU,-
⏳ 미요약,false,2025-09-08,이투데이,검색:현대자동차,"카카오페이, HD현대일렉트릭과 제휴⋯포인트 연동 시스템 구축",https://www.etoday.co.kr/news/view/2504082,-
⏳ 미요약,false,2026-01-11,전자신문,검색:현대자동차,"현대차, '한국형 AI 자동차' 개발 돌입…2028년 첫 양산",https://www.msn.com/ko-kr/news/other/현대차-한국형-ai-자동차-개발-돌입-2028년-첫-양산/ar-AA1TYVZi,-
⏳ 미요약,false,2026-01-12,뉴시안,검색:현대자동차,적금도 '콜라보 시대'… 금리 경쟁 넘어 일상·소비로 확장,https://www.newsian.co.kr/news/articleView.html?idxno=85060,-
⏳ 미요약,false,2025-10-21,아주경제,검색:현대자동차,"현대차, 이종원 전 카카오 CBO 영입… SDV 사업 가속",https://www.ajunews.com/view/20251021183623157,-
⏳ 미요약,false,2024-01-19,헤럴드경제,검색:현대자동차,"카카오페이, 자동차보험 비교 서비스 출격…업계 최다 보험사 제휴",https://biz.heraldcorp.com/article/3305492,-
⏳ 미요약,false,2026-01-09,디지털데일리,검색:현대자동차,"신한은행-현대자동차, 연 8.8% 금리 적금 출시",https://www.msn.com/ko-kr/news/other/신한은행-현대차와-맞손-최고-연-88-적금-출시/ar-AA1TQXs2,-
⏳ 미요약,false,2017-09-15,프라임경제,검색:현대자동차,[우리모두뉴스] 자동차가 사람 말을 알아듣는다고?…카카오와 현대·기아차가 이런 기술을 개발했어요,https://www.newsprime.co.kr/news/article/?no=388404,-
⏳ 미요약,false,2025-09-14,metroseoul,검색:현대자동차,로보택시 상용화 열풍...국내 수혜주는 어디?,https://www.metroseoul.co.kr/article/20250915500005,-
⏳ 미요약,false,2026-01-06,이투데이,검색:현대자동차,"카카오페이, '해외 배송' 서비스 출시…미국 등 5개국부터",https://www.msn.com/ko-kr/news/other/카카오페이-해외-배송-서비스-출시-미국-등-5개국부터/ar-AA1TDMd4,-
⏳ 미요약,false,2025-08-05,디지털데일리,검색:현대자동차,'해킹 월드컵' 본선진출한 韓실력자들 면면 보니…현대오토에버·카카오뱅크 후원,https://www.ddaily.co.kr/page/view/2025080510295291821,-
⏳ 미요약,false,2019-09-25,뉴스핌,검색:현대자동차,대기업 계약학과 경쟁률 20.7대 1…카카오엔터프라이즈 37.5대 1 '최고',https://www.newspim.com/news/view/20250919000207,-
⏳ 미요약,false,2025-08-01,한국금융신문,검색:현대자동차,카카오모빌리티의 질주...'AI·자율주행' 신세계 개척,https://www.fntimes.com/html/view.php?ud=2025080110401845087fd637f543_18,-
⏳ 미요약,false,2025-09-08,파이낸셜뉴스,검색:현대자동차,"카카오페이, HD현대일렉트릭과 MOU 체결...카카오페이포인트 연동 시스템 구축",https://www.fnnews.com/news/202509081057330381,-
⏳ 미요약,false,2025-09-08,뉴시스,검색:현대자동차,"카카오페이, HD현대일렉트릭과 MOU…안전포인트 연동",https://www.newsis.com/view/NISX20250908_0003320623,-
⏳ 미요약,false,2025-09-08,아시아경제,검색:현대자동차,"카카오페이, HD현대일렉과 '안전페이포인트' 연동시스템 구축",https://www.asiae.co.kr/article/2025090810404522481,-
⏳ 미요약,false,2025-09-08,Etnews.com,검색:현대자동차,"카카오페이, HD현대일렉트릭과 제휴…포인트 연동 시스템 구축",https://www.etnews.com/20250908000075,-
⏳ 미요약,false,2025-09-08,MSN,검색:현대자동차,"HD현대일렉트릭, 인센티브 포인트 '카카오페이포인트'로 전환",https://www.msn.com/ko-kr/money/markets/hd현대일렉트릭-인센티브-포인트-카카오페이포인트-로-전환/ar-AA1M4OY7,-
⏳ 미요약,false,2025-02-24,디지털데일리,검색:현대자동차,"카카오페이, HD현대삼호와 맞손…""카카오페이포인트 연동 시스템 구축""",https://www.msn.com/ko-kr/news/other/카카오페이-hd현대삼호와-맞손-카카오페이포인트-연동-시스템-구축/ar-AA1zDkcy,-
⏳ 미요약,false,2025-08-26,한경닷컴,검색:현대자동차,"26일, 외국인 거래소에서 카카오(+0.46%), HD현대일렉트릭(+0.2%) 등 순매수",https://www.hankyung.com/article/202508263603L,-
⏳ 미요약,false,2026-01-07,더팩트,검색:현대자동차,"[CES 2026] 현대모비스, 보스턴다이내믹스 아틀라스에 액추에이터 공급",https://news.tf.co.kr/read/economy/2278395.htm,-
⏳ 미요약,false,2026-01-08,데일리카,검색:현대자동차,자동차 부품사에서 로보틱스·SDV·반도체 신사업 고객사까지 확보한 현대모비스..업계 '주목',https://www.dailycar.co.kr/content/news.html?type=view&autoId=60362,-
⏳ 미요약,false,2026-01-08,이코노믹리뷰,검색:현대자동차,"[CES 2026] ""보스턴다이나믹스·퀄컴과 연대"" 현대모비스, 글로벌 협력 체계 구축",https://www.econovill.com/news/articleView.html?idxno=724904,-
⏳ 미요약,false,2026-01-08,매일경제,검색:현대자동차,"""아틀라스 관절, 맡겨주세요""…현대모비스, 보스턴나이나믹스와 계약",https://www.mk.co.kr/news/business/11926652,-
⏳ 미요약,false,2026-01-07,조선일보,검색:현대자동차,"[CES 2026] 현대모비스, 로봇 부품 신시장 진출…퀄컴·BD 등 글로벌 협력 확대",https://news.chosun.com/svc/list_out/content.html?catid=12&scode=www&contid=2026010800341&css_url=./css/defaultStyle.css,-
⏳ 미요약,false,2026-01-07,아주경제,검색:현대자동차,"[CES 2026] 현대모비스, 보스턴다이나믹스·퀄컴과 미래 모빌리티 협업",https://www.msn.com/ko-kr/news/other/ces-2026-현대모비스-보스턴다이나믹스-퀄컴과-미래-모빌리티-협업/ar-AA1TM6YA,-
⏳ 미요약,false,2026-01-08,이뉴스투데이,검색:현대자동차,"[2026CES] 현대모비스, 로봇·SDV 동시 공략···미래 모빌리티 협력 전선 확대",https://www.enewstoday.co.kr/news/articleView.html?idxno=2379067,-
⏳ 미요약,false,2026-01-07,더팩트,검색:현대자동차,"[CES 2026] 보스턴다이내믹스 ""현대모비스, 그룹 결정 아니더라도 경쟁력 차원서 협업""",https://news.tf.co.kr/read/economy/2280120.htm,-
⏳ 미요약,false,2026-01-07,뉴스웨이,검색:현대자동차,"'피지컬 AI 대전환' 현대모비스 주목받는 이유···""핵심 기술 내제화""",https://www.newsway.co.kr/news/view?ud=2026010807164352952,-
⏳ 미요약,false,2026-01-07,헤럴드경제,검색:현대자동차,"현대모비스·보스턴다이내믹스 ""中과 차별화, 사람 이상의 로봇 만들 것""[CES 2026]",https://www.msn.com/ko-kr/news/other/현대모비스-보스턴다이내믹스-中과-차별화-사람-이상의-로봇-만들-것-ces-2026/ar-AA1TM6RH,-
⏳ 미요약,false,2026-01-08,EBN,검색:현대자동차,"[CES '26] 현대모비스, 미래모빌리티 전문사와 전략적 협업 체계 구축",https://www.ebn.co.kr/news/articleView.html?idxno=1694433,-
⏳ 미요약,false,2026-01-07,연합인포맥스,검색:현대자동차,[CES 2026] 수주 고픈 이규석 사장의 워룸…현대모비스 프라이빗 CES,https://news.einfomax.co.kr/news/articleView.html?idxno=4392402,-
⏳ 미요약,false,2026-01-08,뉴스토마토,검색:현대자동차,세상 밖으로 나온 '아틀라스'…중심엔 '현대모비스',https://www.newstomato.com/ReadNews.aspx?no=1287194,-
⏳ 미요약,false,2026-01-07,헤럴드경제,검색:현대자동차,"현대모비스, AI 로봇 '아틀라스' 근육 만든다…퀄컴과는 SDV 개발 맞손 [CES 2026]",https://www.msn.com/ko-kr/news/other/車-부품-넘어-로봇-현대모비스-ai-로봇-아틀라스-근육-만든다-ces-2026/ar-AA1TL6JY,-
⏳ 미요약,false,2026-01-08,메트로신문,검색:현대자동차,"[CES2026] 현대모비스, AI 로보틱스·SDV 등 글로벌 제작사와 협력 강화…미래 먹거리 확보",https://www.metroseoul.co.kr/article/20260108500352,-
⏳ 미요약,false,2026-01-07,아시아경제,검색:현대자동차,"[CES 2026]현대모비스, 보스턴다이나믹스·퀄컴 맞손…로봇·SDV 공략",https://www.msn.com/ko-kr/money/topstories/ces-2026-현대모비스-보스턴다이나믹스-퀄컴-맞손-로봇-sdv-공략/ar-AA1TLdNO,-
⏳ 미요약,false,2026-01-08,FNTIMES,검색:현대자동차,"'미래 사업 핵심 도약' 현대모비스, CES서 로보틱스‧SDV 글로벌 협력 구축",https://www.fntimes.com/html/view.php?ud=2026010811060315507492587736_18,-
⏳ 미요약,false,2026-01-06,뉴시스,검색:현대자동차,"로봇시대 연 현대차그룹…현대모비스, '핵심 축' 부상",https://www.msn.com/ko-kr/money/topstories/로봇시대-연-현대차그룹-현대모비스-핵심-축-부상/ar-AA1TDTUv,-
⏳ 미요약,false,2026-01-08,아시아투데이,검색:현대자동차,"[CES 2026]현대모비스 ""아틀라스 성공 1순위""… 로봇 액추에이터로 글로벌 시장 진출",https://www.msn.com/ko-kr/news/other/ces-2026-현대모비스-아틀라스-성공-1순위-로봇-액추에이터로-글로벌-시장-진출/ar-AA1TNIZm,-
⏳ 미요약,false,2026-01-14,블로터,검색:현대자동차,"[어바웃 C] 이용배 현대로템 대표, 방산·철도에 'AI·로봇·수소' 접목",https://www.bloter.net/news/articleView.html?idxno=651736,-
⏳ 미요약,false,2026-01-14,아이뉴스24,검색:현대자동차,"현대로템, 조직개편 단행...로봇·수소 기반 신사업 강화",https://www.inews24.com/view/1927577,-
⏳ 미요약,false,2026-01-14,신아일보,검색:현대자동차,"현대로템, '로봇·수소' 중심 신사업 체계 개편",https://www.shinailbo.co.kr/news/articleView.html?idxno=2177411,-
⏳ 미요약,false,2026-01-14,일요주간,검색:현대자동차,"현대로템, 로봇·수소 중심 신사업 재편… 피지컬 AI로 미래 기술 리더십 강화",https://www.ilyoweekly.co.kr/news/newsview.php?ncode=1065573386293234,-
⏳ 미요약,false,2026-01-13,매일경제TV,검색:현대자동차,[친절한 종목상담 4989] 현대차 삼성바이오로직스 SKC NAVER 현대로템 원익홀딩스,https://www.msn.com/ko-kr/news/news/친절한-종목상담-4989-현대차-삼성바이오로직스-skc-naver-현대로템-원익홀딩스/vi-AA1U70al,-
⏳ 미요약,false,2026-01-14,FNTIMES,검색:현대자동차,"현대로템, '피지컬 AI' 시대 정조준…로봇·수소 중심 조직 전면 개편",https://www.msn.com/ko-kr/news/other/현대로템-피지컬-ai-시대-정조준-로봇-수소-중심-조직-전면-개편/ar-AA1U9ZHY,-
⏳ 미요약,false,2026-01-14,더벨,검색:현대자동차,신기술로 여는 미래 '제로원 프로젝트' 스타트업 육성,https://www.thebell.co.kr/free/content/ArticleView.asp?key=202601121442066360107847,-
⏳ 미요약,false,2026-01-06,메트로신문,검색:현대자동차,"[CES 2026] 현대차그룹, 로보틱스 상용화 초읽기…AI 플랫폼 기업으로의 전환 예고",https://www.metroseoul.co.kr/article/20260106500430,-
⏳ 미요약,false,2026-01-05,아시아경제,검색:현대자동차,"현대로템, 2세대 EMU-320 초도분 조기 출고",https://www.msn.com/ko-kr/money/other/현대로템-2세대-고속철도차량-emu-320-초도분-조기-출고/ar-AA1Tz2Z0,-
⏳ 미요약,false,2026-01-09,헤럴드경제,검색:현대자동차,현대차그룹株 '200조 시대'…로봇·방산·IT가 이끈다,https://www.msn.com/ko-kr/news/other/현대차그룹株-200조-시대-로봇-방산-it가-이끈다/ar-AA1TRfkt,-
⏳ 미요약,false,2026-01-04,연합뉴스,검색:현대자동차,"현대로템, 작년 KTX-이음 등 K-고속철 초도편성 모두 조기출고",https://www.msn.com/ko-kr/news/national/현대로템-작년-ktx-이음-등-k-고속철-초도편성-모두-조기출고/ar-AA1TyRkv,-
⏳ 미요약,false,2026-01-05,한국경제,검색:현대자동차,"56개 관절에 촉감까지…현대차 로봇, 美공장 투입",https://www.hankyung.com/article/2026010652361,-
⏳ 미요약,false,2026-01-05,뉴시스,검색:현대자동차,"현대로템, K-고속철 전 차종 초도 편성 조기 출고·인도",https://www.msn.com/ko-kr/news/other/현대로템-k-고속철-전-차종-초도-편성-조기-출고-인도/ar-AA1TzEkf,-
⏳ 미요약,false,2025-12-18,인사이트,검색:현대자동차,"현대차그룹, 40대 임원 대거 발탁... '세대교체'와 '검증된 리더십' 동시에 잡았다",https://www.insight.co.kr/news/534301,-
⏳ 미요약,false,2026-01-02,머니S,검색:현대자동차,정의선의 로봇 철학 '인간 중심'… 현대차 웨어러블 '엑스블' 띄운다,https://www.msn.com/ko-kr/news/other/정의선의-로봇-철학-인간-중심-현대차-웨어러블-엑스블-띄운다/ar-AA1Tra62,-
⏳ 미요약,false,2026-01-13,아주경제,검색:현대자동차,"현대로템, 로봇·수소 중심 조직 개편…""피지컬 AI 확대 적용""",https://www.ajunews.com/view/20260114083330246,-
⏳ 미요약,false,2026-01-05,뉴데일리 경제,검색:현대자동차,"현대로템, 동력분산식 고속철도 2세대 'EMU-320' 초도분 조기 출고",https://biz.newdaily.co.kr/site/data/html/2026/01/05/2026010500077.html,-
⏳ 미요약,false,2026-01-05,뉴스저널리즘,검색:현대자동차,"현대로템, 2세대 EMU-320 초도 편성 조기 출고",https://www.ngetnews.com/news/articleView.html?idxno=544688,-
⏳ 미요약,false,2026-01-05,머니S,검색:현대자동차,"현대로템, 2세대 고속철 EMU-320 조기출고… 승차감·안전성 강화",https://www.msn.com/ko-kr/news/other/현대로템-2세대-고속철-emu-320-조기출고-승차감-안전성-강화/ar-AA1TyTaZ,-
⏳ 미요약,false,2025-06-16,뉴스토마토,검색:현대자동차,"현대로템, 로봇·수소 기반 신사업 체계 개편",https://www.newstomato.com/ReadNews.aspx?no=1287782,-
⏳ 미요약,false,2026-01-07,이투데이,검색:현대자동차,글로벌 AI 전쟁 車 부품사로도 확전…현대모비스·현대위아 집결 [CES 2026],https://www.msn.com/ko-kr/news/other/글로벌-ai-전쟁-車-부품사로도-확전-현대모비스-현대위아-집결-ces-2026/ar-AA1TLWbD,-
⏳ 미요약,false,2026-01-08,연합뉴스,검색:현대자동차,"[CES 2026] 현대위아, 로봇·車열관리 양대 축 박차…""글로벌 리더 성장""(종합)",https://www.msn.com/ko-kr/news/other/ces-2026-현대위아-로봇-車열관리-양대-축-박차-글로벌-리더-성장-종합/ar-AA1TMpgK,-
⏳ 미요약,false,2026-01-06,이코노믹리뷰,검색:현대자동차,"[CES 2026] ""에어컨과 온돌의 조화"" 현대위아, CES 2026서 미래 모빌리티 비전 제시",https://www.econovill.com/news/articleView.html?idxno=724575,-
⏳ 미요약,false,2026-01-06,지디넷코리아,검색:현대자동차,"AI가 스스로 온도조절 해준다…현대위아, CES 2026 첫 참가",https://www.msn.com/ko-kr/news/techandscience/ai가-스스로-온도조절-해준다-현대위아-ces-2026-첫-참가/ar-AA1TDuRB,-
⏳ 미요약,false,2026-01-06,메트로신문,검색:현대자동차,"[CES2026] 현대위아, 미래 모빌리티 비전 제시…제조·물류 로봇 'H-모션' 공개",https://www.metroseoul.co.kr/article/20260106500234,-
⏳ 미요약,false,2026-01-08,지피코리아,검색:현대자동차,"현대위아, 로봇 브랜드 'h-motion' 론칭...""2028년 매출 4000억 달성""",https://www.gpkorea.com/news/articleView.html?idxno=138521,-
⏳ 미요약,false,2026-01-08,메트로신문,검색:현대자동차,"[CES2026] 현대위아, 미래 열관리시스템 3종 공개…""글로벌 열관리 전문사 도약""",https://www.metroseoul.co.kr/article/20260108500109,-
⏳ 미요약,false,2026-01-08,EBN,검색:현대자동차,"[CES '26] 현대위아, 미래 열관리시스템 3종 전시…글로벌 전문사 도약 목표",https://www.ebn.co.kr/news/articleView.html?idxno=1694431,-
⏳ 미요약,false,2026-01-07,연합뉴스,검색:현대자동차,"[CES 2026] 현대위아, 車열관리 부품 3종 공개…""글로벌 전문사로 도약""",https://www.msn.com/ko-kr/news/other/ces-2026-현대위아-車열관리-부품-3종-공개-글로벌-전문사로-도약/ar-AA1TLL2u,-
⏳ 미요약,false,2026-01-05,이투데이,검색:현대자동차,"현대위아, 'CES 2026' 참가 ""미래 모빌리티 기술 쏟아낸다"" [CES 2026]",https://www.msn.com/ko-kr/news/other/현대위아-ces-2026-참가-미래-모빌리티-기술-쏟아낸다-ces-2026/ar-AA1TD1T7,-
⏳ 미요약,false,2026-01-06,이뉴스투데이,검색:현대자동차,[2026CES] 현대위아 '연결의 모빌리티' 비전 공개,https://www.enewstoday.co.kr/news/articleView.html?idxno=2378422,-
⏳ 미요약,false,2026-01-06,매일경제,검색:현대자동차,"현대위아, CES 2026서 미래 모빌리티 첫선",https://www.mk.co.kr/news/business/11924175,-
⏳ 미요약,false,2026-01-07,아이뉴스24,검색:현대자동차,"현대위아, CES서 차세대 모빌리티 열관리 시스템 3종 공개",https://www.inews24.com/view/1925551,-
⏳ 미요약,false,2026-01-06,파이낸셜뉴스,검색:현대자동차,"[CES 2026]'CES 첫 참가' 현대위아, 차세대 모빌리티 부품·로봇 선봬",https://www.msn.com/ko-kr/news/other/현대위아-ces-2026서-미래-모빌리티-비전-제시사용자-체온-고려한-공조-시스템-공개/ar-AA1TDpYX,-
⏳ 미요약,false,2026-01-05,한국경제,검색:현대자동차,"현대위아, 'CES 2026'서 맞춤형 모빌리티 공조시스템 전시",https://www.msn.com/ko-kr/news/other/현대위아-ces-2026서-맞춤형-모빌리티-공조시스템-전시/ar-AA1TDhHd,-
⏳ 미요약,false,2026-01-08,뉴스핌,검색:현대자동차,"[CES 2026] 현대위아, 통합 열관리 모듈 등 신기술 공개…글로벌 공조 시장 공략",https://www.msn.com/ko-kr/news/other/ces-2026-현대위아-통합-열관리-모듈-등-신기술-공개글로벌-공조-시장-공략/ar-AA1TMOwE,-
⏳ 미요약,false,2026-01-06,노컷뉴스,검색:현대자동차,"현대위아, CES 2026에서 미래 모빌리티 비전 제시",https://www.msn.com/ko-kr/news/other/현대위아-ces-2026에서-미래-모빌리티-비전-제시/ar-AA1TEKzs,-
⏳ 미요약,false,2026-01-07,파이낸셜뉴스,검색:현대자동차,"현대위아, CES서 미래 열관리시스템 3종 공개…""글로벌 열관리 전문사 도약""",https://www.msn.com/ko-kr/news/other/현대위아-ces서-미래-열관리시스템-3종-공개-글로벌-열관리-전문사-도약/ar-AA1TM77K,-
⏳ 미요약,false,2026-01-14,매일경제,검색:현대자동차,"""4년만에 3배""… 칼라일, 글로비스 투자 대박",https://www.mk.co.kr/news/stock/11933069,-
⏳ 미요약,false,2026-01-13,아시아경제,검색:현대자동차,'로봇株 변신' 현대차그룹…보스턴다이내믹스 상장 시나리오 촉각,https://www.msn.com/ko-kr/news/other/로봇株-변신-현대차그룹-보스턴다이내믹스-상장-시나리오-촉각/ar-AA1U9gE9,-
⏳ 미요약,false,2026-01-07,헤럴드경제,검색:현대자동차,"""현대차 로봇 봤어?"" 현대글로비스 장중 12% 급등…현대차 그룹株 동반 강세 [종목pick]",https://www.msn.com/ko-kr/기술/인공-지능/현대차-로봇-봤어-현대글로비스-장중-12-급등-현대차-그룹株-동반-강세-종목pick/ar-AA1TIdlL,-
⏳ 미요약,false,2026-01-13,대한데일리,검색:현대자동차,"'시총 80조' 현대차, 피지컬 AI 업고 질주…정의선, 경영승계 속도내나",https://www.dhdaily.co.kr/news/articleView.html?idxno=25206,-
⏳ 미요약,false,2026-01-13,한국경제,검색:현대자동차,"""피지컬 AI 최선호주"" 현대차 사상 최초 시총 80주 돌파",https://www.msn.com/ko-kr/news/other/피지컬-ai-최선호주-현대차-사상-최초-시총-80조-돌파/ar-AA1U5iFq,-
⏳ 미요약,false,2026-01-12,글로벌이코노믹,검색:현대자동차,"[특징주] 현대글로비스, 보스턴다이내믹스 지분가치 주목 '강세'",https://www.msn.com/ko-kr/money/기술/특징주-현대글로비스-보스턴다이내믹스-지분가치-주목-강세/ar-AA1U0SL7,-
⏳ 미요약,false,2026-01-05,이투데이,검색:현대자동차,"[종합] 현대차그룹, '인간 중심 AI 로보틱스' 비전 ""세계 첫 '아틀라스' 공개"" [CES 2026]",https://www.msn.com/ko-kr/news/other/종합-현대차그룹-인간-중심-ai-로보틱스-비전-세계-첫-아틀라스-공개-ces-2026/ar-AA1TD5NW,-
⏳ 미요약,false,2026-01-12,마켓+,검색:현대자동차,"[특징주] CES서 '아틀라스' 등 공개 현대차, 역대 최고가 경신",https://www.msn.com/ko-kr/news/other/특징주-ces서-아틀라스-등-공개-현대차-역대-최고가-경신/ar-AA1U16Pj,-
⏳ 미요약,false,2026-01-12,아시아경제,검색:현대자동차,"[특징주]현대글로비스, 보스턴 다이내믹스 지분가치 3조원 추정…신고가",https://www.msn.com/ko-kr/money/markets/특징주-현대글로비스-보스턴-다이내믹스-지분가치-3조원-추정-신고가/ar-AA1U13NW,-
⏳ 미요약,false,2026-01-07,아시아경제,검색:현대자동차,[특징주]현대글로비스도 10%↑…52주 신고가 경신,https://www.msn.com/ko-kr/news/other/특징주-현대글로비스도-10-52주-신고가-경신/ar-AA1TI3zB,-
⏳ 미요약,false,2026-01-12,아주경제,검색:현대자동차,"[특징주] 현대글로비스, 로보틱스 지분 수혜 기대감에 8%대↑",https://www.ajunews.com/view/20260112093833790,-
⏳ 미요약,false,2026-01-09,헤럴드경제,검색:현대자동차,"현대차그룹株 '200조' 시대, 1년 새 60% 급증…'로봇+방산+IT'가 이끈다 [투자360]",https://www.msn.com/ko-kr/news/other/현대차그룹株-200조-시대-1년-새-60-급증-로봇-방산-it가-이끈다-투자360/ar-AA1TRhpC,-
⏳ 미요약,false,2026-01-08,모바일한경&월스트리트저널,검색:현대자동차,"현대차·기아 부품운송노조 ""원청 안나오면 파업""…노란봉투법 혼란 예고편",https://plus.hankyung.com/apps/newsinside.view?aid=2026010899201&sns=y,-
⏳ 미요약,false,2025-08-27,MSN,검색:현대자동차,HD현대重·현대미포 합병…마스가 겨냥한 조선·방산사업 효율화,https://www.msn.com/ko-kr/news/other/hd현대重-현대미포-합병-마스가-겨냥한-조선-방산사업-효율화/ar-AA1LjiCQ,-
⏳ 미요약,false,2025-08-27,MSN,검색:현대자동차,"HD현대중공업·미포조선 합병… ""2035년 방산 10조 목표""",https://www.msn.com/ko-kr/news/other/hd현대중공업-미포조선-합병-2035년-방산-10조-목표/ar-AA1Lj36o,-
⏳ 미요약,false,2025-12-30,시사저널e,검색:현대자동차,"HD현대, 하청업체 성과급 '동종업계 최고 대우' 카드",https://www.msn.com/ko-kr/news/other/대통령-한화오션-칭찬-직후-hd현대도-동종업계-최고-대우-카드/ar-AA1TgkQN,-
⏳ 미요약,false,2025-08-27,MSN,검색:현대자동차,"HD현대, HD현대중공업·HD현대미포 합병 결정...""초격차 확보""",https://www.msn.com/ko-kr/money/기술/hd현대-hd현대중공업-hd현대미포-합병-결정-초격차-확보/ar-AA1LiBGP,-
⏳ 미요약,false,2025-08-28,MSN,검색:현대자동차,정기선의 승부수...마스가 본격화에 HD현대중공업·HD현대미포 합병,https://www.msn.com/ko-kr/news/other/정기선의-승부수-마스가-본격화에-hd현대중공업-hd현대미포-합병/ar-AA1LlJti,-
⏳ 미요약,false,2025-08-28,MSN,검색:현대자동차,HD현대 공룡조선소 탄생…'마스가 이니셔티브' 포석 [HD현대重·현대미포 합병],https://www.msn.com/ko-kr/news/other/hd현대-공룡조선소-탄생-마스가-이니셔티브-포석-hd현대重-현대미포-합병/ar-AA1LmEYY,-
⏳ 미요약,false,2025-08-27,MSN,검색:현대자동차,"HD현대重·현대미포 합병...""2035년 연매출 10조 달성 목표""",https://www.msn.com/ko-kr/news/other/hd현대重-현대미포-합병-2035년-연매출-10조-달성-목표/ar-AA1LiIXr,-
⏳ 미요약,false,2025-12-01,MSN,검색:현대자동차,"HD현대중공업, 미포조선 품고 방산·친환경 투트랙 시동",https://www.msn.com/ko-kr/news/other/hd현대중공업-미포조선-품고-방산-친환경-투트랙-시동/ar-AA1RsPq5,-
⏳ 미요약,false,2025-08-27,MSN,검색:현대자동차,"""中·日 보고 있나""... HD현대重·현대미포 '한국판 빅 머지' 출범",https://www.msn.com/ko-kr/기술/기술-회사/中-日-보고-있나-hd현대重-현대미포-한국판-빅-머지-출범/ar-AA1LjjhF,-
⏳ 미요약,false,2025-08-27,MSN,검색:현대자동차,"[특징주] HD현대중공업ㆍHD현대미포, 합병소식에 급등",https://www.msn.com/ko-kr/news/other/특징주-hd현대중공업ㆍhd현대미포-합병소식에-급등/ar-AA1LiOwN,-
⏳ 미요약,false,2025-09-05,MSN,검색:현대자동차,"유안타 ""현대중공업-현대미포 합병으로 한국조선해양 눈높이↑""",https://www.msn.com/ko-kr/news/other/유안타-현대중공업-현대미포-합병으로-한국조선해양-눈높이/ar-AA1LU2Kn,-
⏳ 미요약,false,2025-08-27,MSN,검색:현대자동차,HD현대중공업·현대미포 합친다…조선·방산 강화로 미국 군함 프로젝트 공략,https://www.msn.com/ko-kr/news/other/hd현대중공업-현대미포-합친다-조선-방산-강화로-미국-군함-프로젝트-공략/ar-AA1Ljkxl,-
⏳ 미요약,false,2025-08-27,MSN,검색:현대자동차,HD현대중공업·HD현대미포 합병…해외사업 투자법인 설립,https://www.msn.com/ko-kr/money/markets/hd현대중공업-hd현대미포-합병-해외사업-투자법인-설립/ar-AA1Liz2X,-
⏳ 미요약,false,2025-10-23,MSN,검색:현대자동차,HD현대중공업·HD현대미포 합병안 임시 주총 통과…12월 '통합 HD현대중공업' 출범,https://www.msn.com/ko-kr/money/기술/hd현대중공업-hd현대미포-합병안-임시-주총-통과-12월-통합-hd현대중공업-출범/ar-AA1P1atp,-
⏳ 미요약,false,2025-08-28,MSN,검색:현대자동차,HD현대중공업·미포 합병에 증권가 '호평' 한 목소리,https://www.msn.com/ko-kr/news/other/hd현대중공업-미포-합병에-증권가-호평-한-목소리/ar-AA1Lmbqu,-
⏳ 미요약,false,2025-08-27,MSN,검색:현대자동차,'마스가' 발맞춰 조선·방산 분야 경쟁력 '시너지'…HD현대중공업·HD현대미포 합병,https://www.msn.com/ko-kr/news/world/마스가-발맞춰-조선-방산-분야-경쟁력-시너지-hd현대중공업-hd현대미포-합병/ar-AA1LjOIS,-
⏳ 미요약,false,2025-04-07,MSN,검색:현대자동차,HD현대중공업·미포조선 등 울산 조선사 21척 점유,https://www.msn.com/ko-kr/news/other/hd현대중공업-미포조선-등-울산-조선사-21척-점유/ar-AA1CssOI,-
⏳ 미요약,false,2025-04-29,MSN,검색:현대자동차,"HD현대미포, 씨컨소시엄과 피더맥스 컨테이너선 계약 체결",https://www.msn.com/ko-kr/news/other/hd현대미포-씨컨소시엄과-피더맥스-컨테이너선-계약-체결/ar-AA1DS9Mk,-
⏳ 미요약,false,2025-08-27,MSN,검색:현대자동차,HD현대중공업·HD현대미포 합병…K-조선·방산 '초격차' 확보,https://www.msn.com/ko-kr/news/other/hd현대중공업-hd현대미포-합병-k-조선-방산-초격차-확보/ar-AA1Lixlf,-
⏳ 미요약,false,2025-08-27,MSN,검색:현대자동차,HD현대중공업·HD현대미포 합병…'초격차'로 K-조선·방산 새판 짠다,https://www.msn.com/ko-kr/news/other/hd현대중공업-hd현대미포-합병-초격차-로-k-조선-방산-새판-짠다/ar-AA1LlluE,-
⏳ 미요약,false,2025-12-04,아시아경제,검색:현대자동차,"현대캐피탈, 2025년 글로벌 IR 개최…""자산 증가, 건전성 제고 '두 토끼' 잡았다""",https://www.asiae.co.kr/article/2025120409490626568,-
⏳ 미요약,false,2026-01-02,허프포스트코리아,검색:현대자동차,"현대차그룹 미국 공략에 '철강 베테랑' 현대제철 이보룡 합류, 수익성 반등 미션도 동행",https://www.huffingtonpost.kr/news/articleView.html?idxno=241193,-
⏳ 미요약,false,2026-01-06,아주경제,검색:현대자동차,"빈센, 신임 사장·최고기술책임자에 김세훈 전 현대차 부사장 선임",https://www.msn.com/ko-kr/과학/일반/빈센-신임-사장-최고기술책임자에-김세훈-전-현대차-부사장-선임/ar-AA1TE20B,-
⏳ 미요약,false,2025-12-26,뉴시스,검색:현대자동차,"현대제철, 이보룡 체제 출범…美 투자·사업 재편 본격화",https://www.newsis.com/view/NISX20251226_0003455358,-
⏳ 미요약,false,2026-01-07,쿠키뉴스,검색:현대자동차,CES 달군 K-로봇…'탈 모빌리티 아닌 확장' 택한 현대차 계산은,https://www.msn.com/ko-kr/news/other/ces-달군-k-로봇-탈-모빌리티-아닌-확장-택한-현대차-계산은/ar-AA1TL3O4,-
⏳ 미요약,false,2025-12-17,뉴시스,검색:현대자동차,사업재편 본궤도…서강현 대표 연임 주목[현대제철 반등 신호탄①],https://www.newsis.com/view/NISX20251217_0003444274,-
⏳ 미요약,false,2025-12-17,한경닷컴,검색:현대자동차,현대제철 신임 대표에 이보룡…서강현 사장은 현대차 기조실로,https://www.hankyung.com/article/202512179219i,-
⏳ 미요약,false,2025-11-06,MSN,검색:현대자동차,'오너 3세' 정기선 회장 취임...HD현대 경쟁력 대해부 [스페셜리포트],https://www.msn.com/ko-kr/news/other/오너-3세-정기선-회장-취임hd현대-경쟁력-대해부-스페셜리포트/ar-AA1PT2xm,-
